,Filename,Plateau
0,c_ALL_20210607151514753.csv,nan
1,c_ALL_20210607151515239.csv,nan
2,c_ALL_20210607151515739.csv,nan
3,c_ALL_20210607151516239.csv,nan
4,c_ALL_20210607151516749.csv,nan
5,c_ALL_20210607151517240.csv,nan
6,c_ALL_20210607151517737.csv,nan
7,c_ALL_20210607151518240.csv,nan
8,c_ALL_20210607151518743.csv,nan
9,c_ALL_20210607151519238.csv,nan
10,c_ALL_20210607151519738.csv,nan
11,c_ALL_20210607151520238.csv,nan
12,c_ALL_20210607151520739.csv,nan
13,c_ALL_20210607151521239.csv,nan
14,c_ALL_20210607151521749.csv,nan
15,c_ALL_20210607151522248.csv,nan
16,c_ALL_20210607151522738.csv,nan
17,c_ALL_20210607151523258.csv,nan
18,c_ALL_20210607151523738.csv,nan
19,c_ALL_20210607151524243.csv,nan
20,c_ALL_20210607151524738.csv,nan
21,c_ALL_20210607151525238.csv,nan
22,c_ALL_20210607151525741.csv,nan
23,c_ALL_20210607151526247.csv,nan
24,c_ALL_20210607151526743.csv,nan
25,c_ALL_20210607151527239.csv,nan
26,c_ALL_20210607151527738.csv,nan
27,c_ALL_20210607151528238.csv,nan
28,c_ALL_20210607151528748.csv,nan
29,c_ALL_20210607151529243.csv,nan
30,c_ALL_20210607151529762.csv,nan
31,c_ALL_20210607151530238.csv,nan
32,c_ALL_20210607151530738.csv,nan
33,c_ALL_20210607151531252.csv,nan
34,c_ALL_20210607151531739.csv,nan
35,c_ALL_20210607151532239.csv,nan
36,c_ALL_20210607151532747.csv,nan
37,c_ALL_20210607151533240.csv,nan
38,c_ALL_20210607151533740.csv,nan
39,c_ALL_20210607151534248.csv,nan
40,c_ALL_20210607151534740.csv,nan
41,c_ALL_20210607151535239.csv,nan
42,c_ALL_20210607151535738.csv,nan
43,c_ALL_20210607151536240.csv,nan
44,c_ALL_20210607151536750.csv,nan
45,c_ALL_20210607151537248.csv,nan
46,c_ALL_20210607151537739.csv,nan
47,c_ALL_20210607151538242.csv,nan
48,c_ALL_20210607151538741.csv,nan
49,c_ALL_20210607151539239.csv,nan
50,c_ALL_20210607151539745.csv,nan
51,c_ALL_20210607151540245.csv,nan
52,c_ALL_20210607151540749.csv,nan
53,c_ALL_20210607151541239.csv,nan
54,c_ALL_20210607151541738.csv,nan
55,c_ALL_20210607151542239.csv,nan
56,c_ALL_20210607151542763.csv,nan
57,c_ALL_20210607151543241.csv,nan
58,c_ALL_20210607151543740.csv,nan
59,c_ALL_20210607151544239.csv,nan
60,c_ALL_20210607151544750.csv,nan
61,c_ALL_20210607151545239.csv,nan
62,c_ALL_20210607151545749.csv,nan
63,c_ALL_20210607151546239.csv,nan
64,c_ALL_20210607151546738.csv,nan
65,c_ALL_20210607151547239.csv,nan
66,c_ALL_20210607151547742.csv,nan
67,c_ALL_20210607151548239.csv,nan
68,c_ALL_20210607151548748.csv,nan
69,c_ALL_20210607151549241.csv,nan
70,c_ALL_20210607151549738.csv,nan
71,c_ALL_20210607151550239.csv,nan
72,c_ALL_20210607151550754.csv,nan
73,c_ALL_20210607151551239.csv,nan
74,c_ALL_20210607151551741.csv,nan
75,c_ALL_20210607151552239.csv,nan
76,c_ALL_20210607151552746.csv,nan
77,c_ALL_20210607151553252.csv,nan
78,c_ALL_20210607151553740.csv,nan
79,c_ALL_20210607151554239.csv,nan
80,c_ALL_20210607151554741.csv,nan
81,c_ALL_20210607151555238.csv,nan
82,c_ALL_20210607151555739.csv,nan
83,c_ALL_20210607151556238.csv,nan
84,c_ALL_20210607151556748.csv,nan
85,c_ALL_20210607151557238.csv,nan
86,c_ALL_20210607151557741.csv,nan
87,c_ALL_20210607151558239.csv,nan
88,c_ALL_20210607151558738.csv,nan
89,c_ALL_20210607151559243.csv,nan
90,c_ALL_20210607151559740.csv,nan
91,c_ALL_20210607151600238.csv,nan
92,c_ALL_20210607151600740.csv,nan
93,c_ALL_20210607151601238.csv,nan
94,c_ALL_20210607151601744.csv,nan
95,c_ALL_20210607151602241.csv,nan
96,c_ALL_20210607151602742.csv,nan
97,c_ALL_20210607151603251.csv,nan
98,c_ALL_20210607151603751.csv,nan
99,c_ALL_20210607151604239.csv,nan
100,c_ALL_20210607151604746.csv,4.3872e-07
101,c_ALL_20210607151605238.csv,nan
102,c_ALL_20210607151605739.csv,nan
103,c_ALL_20210607151606239.csv,nan
104,c_ALL_20210607151606741.csv,nan
105,c_ALL_20210607151607239.csv,nan
106,c_ALL_20210607151607754.csv,nan
107,c_ALL_20210607151608253.csv,nan
108,c_ALL_20210607151608760.csv,nan
109,c_ALL_20210607151609239.csv,nan
110,c_ALL_20210607151609750.csv,nan
111,c_ALL_20210607151610239.csv,nan
112,c_ALL_20210607151610739.csv,nan
113,c_ALL_20210607151611239.csv,nan
114,c_ALL_20210607151611749.csv,nan
115,c_ALL_20210607151612239.csv,nan
116,c_ALL_20210607151612739.csv,nan
117,c_ALL_20210607151613238.csv,nan
118,c_ALL_20210607151613742.csv,nan
119,c_ALL_20210607151614238.csv,nan
120,c_ALL_20210607151614749.csv,nan
121,c_ALL_20210607151615240.csv,nan
122,c_ALL_20210607151615740.csv,nan
123,c_ALL_20210607151616239.csv,nan
124,c_ALL_20210607151616739.csv,nan
125,c_ALL_20210607151617239.csv,nan
126,c_ALL_20210607151617751.csv,nan
127,c_ALL_20210607151618239.csv,nan
128,c_ALL_20210607151618753.csv,nan
129,c_ALL_20210607151619246.csv,nan
130,c_ALL_20210607151619739.csv,nan
131,c_ALL_20210607151620244.csv,nan
132,c_ALL_20210607151620739.csv,nan
133,c_ALL_20210607151621256.csv,nan
134,c_ALL_20210607151621740.csv,nan
135,c_ALL_20210607151622240.csv,nan
136,c_ALL_20210607151622749.csv,nan
137,c_ALL_20210607151623253.csv,nan
138,c_ALL_20210607151623742.csv,nan
139,c_ALL_20210607151624239.csv,nan
140,c_ALL_20210607151624739.csv,nan
141,c_ALL_20210607151625239.csv,nan
142,c_ALL_20210607151625739.csv,nan
143,c_ALL_20210607151626241.csv,nan
144,c_ALL_20210607151626739.csv,nan
145,c_ALL_20210607151627239.csv,nan
146,c_ALL_20210607151627740.csv,nan
147,c_ALL_20210607151628240.csv,nan
148,c_ALL_20210607151628749.csv,nan
149,c_ALL_20210607151629248.csv,nan
150,c_ALL_20210607151629741.csv,nan
151,c_ALL_20210607151630246.csv,nan
152,c_ALL_20210607151630747.csv,nan
153,c_ALL_20210607151631240.csv,nan
154,c_ALL_20210607151631739.csv,nan
155,c_ALL_20210607151632239.csv,nan
156,c_ALL_20210607151632747.csv,nan
157,c_ALL_20210607151633239.csv,nan
158,c_ALL_20210607151633741.csv,nan
159,c_ALL_20210607151634243.csv,nan
160,c_ALL_20210607151634755.csv,nan
161,c_ALL_20210607151635239.csv,nan
162,c_ALL_20210607151635743.csv,nan
163,c_ALL_20210607151636239.csv,nan
164,c_ALL_20210607151636739.csv,nan
165,c_ALL_20210607151637246.csv,nan
166,c_ALL_20210607151637743.csv,nan
167,c_ALL_20210607151638239.csv,nan
168,c_ALL_20210607151638742.csv,nan
169,c_ALL_20210607151639239.csv,nan
170,c_ALL_20210607151639739.csv,nan
171,c_ALL_20210607151640239.csv,nan
172,c_ALL_20210607151640751.csv,nan
173,c_ALL_20210607151641241.csv,nan
174,c_ALL_20210607151641739.csv,nan
175,c_ALL_20210607151642239.csv,nan
176,c_ALL_20210607151642743.csv,nan
177,c_ALL_20210607151643249.csv,nan
178,c_ALL_20210607151643742.csv,nan
179,c_ALL_20210607151644245.csv,nan
180,c_ALL_20210607151644746.csv,nan
181,c_ALL_20210607151645251.csv,nan
182,c_ALL_20210607151645739.csv,nan
183,c_ALL_20210607151646239.csv,nan
184,c_ALL_20210607151646752.csv,nan
185,c_ALL_20210607151647239.csv,nan
186,c_ALL_20210607151647751.csv,nan
187,c_ALL_20210607151648242.csv,nan
188,c_ALL_20210607151648749.csv,nan
189,c_ALL_20210607151649239.csv,nan
190,c_ALL_20210607151649747.csv,nan
191,c_ALL_20210607151650239.csv,nan
192,c_ALL_20210607151650739.csv,nan
193,c_ALL_20210607151651251.csv,nan
194,c_ALL_20210607151651741.csv,nan
195,c_ALL_20210607151652239.csv,nan
196,c_ALL_20210607151652739.csv,nan
197,c_ALL_20210607151653240.csv,nan
198,c_ALL_20210607151653738.csv,nan
199,c_ALL_20210607151654240.csv,nan
200,c_ALL_20210607151654739.csv,nan
201,c_ALL_20210607151655239.csv,nan
202,c_ALL_20210607151655746.csv,nan
203,c_ALL_20210607151656239.csv,nan
204,c_ALL_20210607151656745.csv,nan
205,c_ALL_20210607151657239.csv,nan
206,c_ALL_20210607151657738.csv,nan
207,c_ALL_20210607151658241.csv,nan
208,c_ALL_20210607151658739.csv,nan
209,c_ALL_20210607151659242.csv,nan
210,c_ALL_20210607151659750.csv,nan
211,c_ALL_20210607151700239.csv,nan
212,c_ALL_20210607151700740.csv,nan
213,c_ALL_20210607151701239.csv,nan
214,c_ALL_20210607151701740.csv,nan
215,c_ALL_20210607151702240.csv,nan
216,c_ALL_20210607151702745.csv,nan
217,c_ALL_20210607151703240.csv,nan
218,c_ALL_20210607151703739.csv,nan
219,c_ALL_20210607151704239.csv,nan
220,c_ALL_20210607151704739.csv,nan
221,c_ALL_20210607151705239.csv,nan
222,c_ALL_20210607151705742.csv,nan
223,c_ALL_20210607151706240.csv,nan
224,c_ALL_20210607151706739.csv,nan
225,c_ALL_20210607151707243.csv,nan
226,c_ALL_20210607151707747.csv,nan
227,c_ALL_20210607151708248.csv,nan
228,c_ALL_20210607151708738.csv,nan
229,c_ALL_20210607151709239.csv,nan
230,c_ALL_20210607151709739.csv,nan
231,c_ALL_20210607151710239.csv,nan
232,c_ALL_20210607151710753.csv,nan
233,c_ALL_20210607151711241.csv,nan
234,c_ALL_20210607151711750.csv,nan
235,c_ALL_20210607151712242.csv,nan
236,c_ALL_20210607151712740.csv,nan
237,c_ALL_20210607151713251.csv,nan
238,c_ALL_20210607151713742.csv,nan
239,c_ALL_20210607151714244.csv,nan
240,c_ALL_20210607151714748.csv,nan
241,c_ALL_20210607151715241.csv,nan
242,c_ALL_20210607151715739.csv,nan
243,c_ALL_20210607151716239.csv,nan
244,c_ALL_20210607151716747.csv,nan
245,c_ALL_20210607151717239.csv,nan
246,c_ALL_20210607151717739.csv,nan
247,c_ALL_20210607151718251.csv,nan
248,c_ALL_20210607151718741.csv,nan
249,c_ALL_20210607151719239.csv,nan
250,c_ALL_20210607151719747.csv,nan
251,c_ALL_20210607151720250.csv,nan
252,c_ALL_20210607151720752.csv,nan
253,c_ALL_20210607151721239.csv,nan
254,c_ALL_20210607151721748.csv,nan
255,c_ALL_20210607151722245.csv,nan
256,c_ALL_20210607151722740.csv,nan
257,c_ALL_20210607151723239.csv,nan
258,c_ALL_20210607151723745.csv,nan
259,c_ALL_20210607151724250.csv,nan
260,c_ALL_20210607151724739.csv,nan
261,c_ALL_20210607151725239.csv,nan
262,c_ALL_20210607151725747.csv,nan
263,c_ALL_20210607151726247.csv,nan
264,c_ALL_20210607151726747.csv,nan
265,c_ALL_20210607151727242.csv,nan
266,c_ALL_20210607151727740.csv,nan
267,c_ALL_20210607151728250.csv,nan
268,c_ALL_20210607151728742.csv,nan
269,c_ALL_20210607151729239.csv,nan
270,c_ALL_20210607151729748.csv,nan
271,c_ALL_20210607151730239.csv,nan
272,c_ALL_20210607151730739.csv,nan
273,c_ALL_20210607151731248.csv,nan
274,c_ALL_20210607151731752.csv,nan
275,c_ALL_20210607151732240.csv,nan
276,c_ALL_20210607151732744.csv,nan
277,c_ALL_20210607151733243.csv,nan
278,c_ALL_20210607151733740.csv,nan
279,c_ALL_20210607151734239.csv,nan
280,c_ALL_20210607151734752.csv,nan
281,c_ALL_20210607151735251.csv,nan
282,c_ALL_20210607151735739.csv,nan
283,c_ALL_20210607151736239.csv,nan
284,c_ALL_20210607151736746.csv,nan
285,c_ALL_20210607151737251.csv,nan
286,c_ALL_20210607151737739.csv,nan
287,c_ALL_20210607151738242.csv,nan
288,c_ALL_20210607151738754.csv,nan
289,c_ALL_20210607151739243.csv,nan
290,c_ALL_20210607151739749.csv,nan
291,c_ALL_20210607151740239.csv,nan
292,c_ALL_20210607151740740.csv,nan
293,c_ALL_20210607151741239.csv,nan
294,c_ALL_20210607151741740.csv,nan
295,c_ALL_20210607151742248.csv,nan
296,c_ALL_20210607151742748.csv,nan
297,c_ALL_20210607151743241.csv,nan
298,c_ALL_20210607151743742.csv,nan
299,c_ALL_20210607151744240.csv,nan
300,c_ALL_20210607151744743.csv,nan
301,c_ALL_20210607151745239.csv,nan
302,c_ALL_20210607151745747.csv,nan
303,c_ALL_20210607151746240.csv,nan
304,c_ALL_20210607151746744.csv,nan
305,c_ALL_20210607151747239.csv,nan
306,c_ALL_20210607151747745.csv,nan
307,c_ALL_20210607151748244.csv,nan
308,c_ALL_20210607151748744.csv,nan
309,c_ALL_20210607151749239.csv,nan
310,c_ALL_20210607151749744.csv,nan
311,c_ALL_20210607151750243.csv,nan
312,c_ALL_20210607151750739.csv,nan
313,c_ALL_20210607151751240.csv,nan
314,c_ALL_20210607151751739.csv,nan
315,c_ALL_20210607151752239.csv,nan
316,c_ALL_20210607151752740.csv,nan
317,c_ALL_20210607151753251.csv,nan
318,c_ALL_20210607151753748.csv,nan
319,c_ALL_20210607151754239.csv,nan
320,c_ALL_20210607151754740.csv,nan
321,c_ALL_20210607151755240.csv,nan
322,c_ALL_20210607151755749.csv,nan
323,c_ALL_20210607151756254.csv,nan
324,c_ALL_20210607151756739.csv,nan
325,c_ALL_20210607151757242.csv,nan
326,c_ALL_20210607151757743.csv,nan
327,c_ALL_20210607151758239.csv,nan
328,c_ALL_20210607151758747.csv,nan
329,c_ALL_20210607151759240.csv,nan
330,c_ALL_20210607151759751.csv,nan
331,c_ALL_20210607151800244.csv,nan
332,c_ALL_20210607151800753.csv,nan
333,c_ALL_20210607151801240.csv,nan
334,c_ALL_20210607151801739.csv,nan
335,c_ALL_20210607151802239.csv,nan
336,c_ALL_20210607151802739.csv,nan
337,c_ALL_20210607151803239.csv,nan
338,c_ALL_20210607151803740.csv,nan
339,c_ALL_20210607151804240.csv,nan
340,c_ALL_20210607151804751.csv,nan
341,c_ALL_20210607151805242.csv,nan
342,c_ALL_20210607151805746.csv,nan
343,c_ALL_20210607151806239.csv,nan
344,c_ALL_20210607151806739.csv,nan
345,c_ALL_20210607151807240.csv,nan
346,c_ALL_20210607151807740.csv,nan
347,c_ALL_20210607151808243.csv,nan
348,c_ALL_20210607151808740.csv,nan
349,c_ALL_20210607151809242.csv,nan
350,c_ALL_20210607151809739.csv,nan
351,c_ALL_20210607151810240.csv,nan
352,c_ALL_20210607151810744.csv,nan
353,c_ALL_20210607151811240.csv,nan
354,c_ALL_20210607151811742.csv,nan
355,c_ALL_20210607151812246.csv,nan
356,c_ALL_20210607151812739.csv,nan
357,c_ALL_20210607151813240.csv,nan
358,c_ALL_20210607151813739.csv,nan
359,c_ALL_20210607151814240.csv,nan
360,c_ALL_20210607151814747.csv,nan
361,c_ALL_20210607151815240.csv,nan
362,c_ALL_20210607151815742.csv,nan
363,c_ALL_20210607151816240.csv,nan
364,c_ALL_20210607151816748.csv,nan
365,c_ALL_20210607151817239.csv,nan
366,c_ALL_20210607151817740.csv,nan
367,c_ALL_20210607151818252.csv,nan
368,c_ALL_20210607151818742.csv,9.408e-08
369,c_ALL_20210607151819240.csv,nan
370,c_ALL_20210607151819745.csv,nan
371,c_ALL_20210607151820239.csv,5.6144e-07
372,c_ALL_20210607151820740.csv,1.2432e-07
373,c_ALL_20210607151821242.csv,1.5104e-07
374,c_ALL_20210607151821741.csv,3.1552e-07
375,c_ALL_20210607151822240.csv,nan
376,c_ALL_20210607151822746.csv,nan
377,c_ALL_20210607151823247.csv,nan
378,c_ALL_20210607151823739.csv,nan
379,c_ALL_20210607151824245.csv,nan
380,c_ALL_20210607151824740.csv,nan
381,c_ALL_20210607151825241.csv,nan
382,c_ALL_20210607151825742.csv,nan
383,c_ALL_20210607151826240.csv,nan
384,c_ALL_20210607151826740.csv,nan
385,c_ALL_20210607151827240.csv,nan
386,c_ALL_20210607151827739.csv,nan
387,c_ALL_20210607151828240.csv,nan
388,c_ALL_20210607151828751.csv,nan
389,c_ALL_20210607151829241.csv,nan
390,c_ALL_20210607151829742.csv,nan
391,c_ALL_20210607151830240.csv,nan
392,c_ALL_20210607151830739.csv,nan
393,c_ALL_20210607151831240.csv,nan
394,c_ALL_20210607151831743.csv,nan
395,c_ALL_20210607151832240.csv,nan
396,c_ALL_20210607151832740.csv,nan
397,c_ALL_20210607151833240.csv,nan
398,c_ALL_20210607151833745.csv,nan
399,c_ALL_20210607151834240.csv,nan
400,c_ALL_20210607151834746.csv,nan
401,c_ALL_20210607151835240.csv,nan
402,c_ALL_20210607151835740.csv,nan
403,c_ALL_20210607151836243.csv,nan
404,c_ALL_20210607151836740.csv,nan
405,c_ALL_20210607151837243.csv,nan
406,c_ALL_20210607151837744.csv,nan
407,c_ALL_20210607151838246.csv,nan
408,c_ALL_20210607151838748.csv,nan
409,c_ALL_20210607151839240.csv,nan
410,c_ALL_20210607151839739.csv,nan
411,c_ALL_20210607151840240.csv,nan
412,c_ALL_20210607151840740.csv,nan
413,c_ALL_20210607151841240.csv,nan
414,c_ALL_20210607151841745.csv,nan
415,c_ALL_20210607151842240.csv,nan
416,c_ALL_20210607151842745.csv,nan
417,c_ALL_20210607151843240.csv,nan
418,c_ALL_20210607151843745.csv,nan
419,c_ALL_20210607151844240.csv,nan
420,c_ALL_20210607151844740.csv,nan
421,c_ALL_20210607151845242.csv,nan
422,c_ALL_20210607151845742.csv,nan
423,c_ALL_20210607151846241.csv,nan
424,c_ALL_20210607151846740.csv,nan
425,c_ALL_20210607151847244.csv,nan
426,c_ALL_20210607151847740.csv,nan
427,c_ALL_20210607151848243.csv,nan
428,c_ALL_20210607151848752.csv,nan
429,c_ALL_20210607151849247.csv,nan
430,c_ALL_20210607151849748.csv,nan
431,c_ALL_20210607151850254.csv,nan
432,c_ALL_20210607151850751.csv,nan
433,c_ALL_20210607151851251.csv,nan
434,c_ALL_20210607151851745.csv,nan
435,c_ALL_20210607151852239.csv,nan
436,c_ALL_20210607151852749.csv,nan
437,c_ALL_20210607151853240.csv,nan
438,c_ALL_20210607151853743.csv,nan
439,c_ALL_20210607151854240.csv,nan
440,c_ALL_20210607151854742.csv,nan
441,c_ALL_20210607151855244.csv,nan
442,c_ALL_20210607151855744.csv,nan
443,c_ALL_20210607151856240.csv,nan
444,c_ALL_20210607151856751.csv,nan
445,c_ALL_20210607151857242.csv,nan
446,c_ALL_20210607151857742.csv,nan
447,c_ALL_20210607151858251.csv,nan
448,c_ALL_20210607151858739.csv,nan
449,c_ALL_20210607151859240.csv,nan
450,c_ALL_20210607151859739.csv,nan
451,c_ALL_20210607151900240.csv,nan
452,c_ALL_20210607151900746.csv,nan
453,c_ALL_20210607151901240.csv,nan
454,c_ALL_20210607151901739.csv,nan
455,c_ALL_20210607151902240.csv,nan
456,c_ALL_20210607151902746.csv,nan
457,c_ALL_20210607151903242.csv,nan
458,c_ALL_20210607151903739.csv,nan
459,c_ALL_20210607151904246.csv,nan
460,c_ALL_20210607151904740.csv,nan
461,c_ALL_20210607151905240.csv,nan
462,c_ALL_20210607151905743.csv,nan
463,c_ALL_20210607151906240.csv,nan
464,c_ALL_20210607151906745.csv,nan
465,c_ALL_20210607151907242.csv,nan
466,c_ALL_20210607151907740.csv,nan
467,c_ALL_20210607151908253.csv,nan
468,c_ALL_20210607151908752.csv,nan
469,c_ALL_20210607151909240.csv,nan
470,c_ALL_20210607151909742.csv,nan
471,c_ALL_20210607151910240.csv,nan
472,c_ALL_20210607151910743.csv,nan
473,c_ALL_20210607151911241.csv,nan
474,c_ALL_20210607151911741.csv,nan
475,c_ALL_20210607151912241.csv,nan
476,c_ALL_20210607151912739.csv,nan
477,c_ALL_20210607151913240.csv,nan
478,c_ALL_20210607151913750.csv,nan
479,c_ALL_20210607151914254.csv,nan
480,c_ALL_20210607151914740.csv,nan
481,c_ALL_20210607151915240.csv,nan
482,c_ALL_20210607151915745.csv,nan
483,c_ALL_20210607151916255.csv,nan
484,c_ALL_20210607151916743.csv,nan
485,c_ALL_20210607151917241.csv,nan
486,c_ALL_20210607151917742.csv,nan
487,c_ALL_20210607151918240.csv,nan
488,c_ALL_20210607151918748.csv,nan
489,c_ALL_20210607151919240.csv,nan
490,c_ALL_20210607151919740.csv,nan
491,c_ALL_20210607151920240.csv,nan
492,c_ALL_20210607151920745.csv,nan
493,c_ALL_20210607151921246.csv,nan
494,c_ALL_20210607151921746.csv,nan
495,c_ALL_20210607151922240.csv,nan
496,c_ALL_20210607151922744.csv,nan
497,c_ALL_20210607151923240.csv,nan
498,c_ALL_20210607151923746.csv,nan
499,c_ALL_20210607151924240.csv,nan
500,c_ALL_20210607151924752.csv,nan
501,c_ALL_20210607151925243.csv,nan
502,c_ALL_20210607151925740.csv,nan
503,c_ALL_20210607151926245.csv,nan
504,c_ALL_20210607151926740.csv,nan
505,c_ALL_20210607151927240.csv,nan
506,c_ALL_20210607151927739.csv,nan
507,c_ALL_20210607151928242.csv,nan
508,c_ALL_20210607151928740.csv,nan
509,c_ALL_20210607151929250.csv,nan
510,c_ALL_20210607151929744.csv,nan
511,c_ALL_20210607151930263.csv,nan
512,c_ALL_20210607151930742.csv,nan
513,c_ALL_20210607151931240.csv,nan
514,c_ALL_20210607151931746.csv,nan
515,c_ALL_20210607151932240.csv,nan
516,c_ALL_20210607151932744.csv,nan
517,c_ALL_20210607151933240.csv,nan
518,c_ALL_20210607151933740.csv,nan
519,c_ALL_20210607151934240.csv,nan
520,c_ALL_20210607151934739.csv,nan
521,c_ALL_20210607151935240.csv,nan
522,c_ALL_20210607151935743.csv,nan
523,c_ALL_20210607151936240.csv,nan
524,c_ALL_20210607151936740.csv,nan
525,c_ALL_20210607151937244.csv,nan
526,c_ALL_20210607151937740.csv,nan
527,c_ALL_20210607151938240.csv,nan
528,c_ALL_20210607151938753.csv,nan
529,c_ALL_20210607151939244.csv,nan
530,c_ALL_20210607151939740.csv,nan
531,c_ALL_20210607151940240.csv,nan
532,c_ALL_20210607151940743.csv,nan
533,c_ALL_20210607151941252.csv,nan
534,c_ALL_20210607151941746.csv,nan
535,c_ALL_20210607151942246.csv,nan
536,c_ALL_20210607151942748.csv,nan
537,c_ALL_20210607151943241.csv,nan
538,c_ALL_20210607151943744.csv,nan
539,c_ALL_20210607151944240.csv,nan
540,c_ALL_20210607151944740.csv,nan
541,c_ALL_20210607151945240.csv,nan
542,c_ALL_20210607151945740.csv,nan
543,c_ALL_20210607151946244.csv,nan
544,c_ALL_20210607151946748.csv,nan
545,c_ALL_20210607151947241.csv,nan
546,c_ALL_20210607151947740.csv,nan
547,c_ALL_20210607151948240.csv,nan
548,c_ALL_20210607151948745.csv,nan
549,c_ALL_20210607151949244.csv,nan
550,c_ALL_20210607151949741.csv,nan
551,c_ALL_20210607151950241.csv,nan
552,c_ALL_20210607151950740.csv,nan
553,c_ALL_20210607151951244.csv,nan
554,c_ALL_20210607151951740.csv,nan
555,c_ALL_20210607151952240.csv,nan
556,c_ALL_20210607151952740.csv,nan
557,c_ALL_20210607151953244.csv,nan
558,c_ALL_20210607151953741.csv,nan
559,c_ALL_20210607151954244.csv,nan
560,c_ALL_20210607151954744.csv,nan
561,c_ALL_20210607151955242.csv,nan
562,c_ALL_20210607151955754.csv,nan
563,c_ALL_20210607151956241.csv,nan
564,c_ALL_20210607151956753.csv,nan
565,c_ALL_20210607151957246.csv,nan
566,c_ALL_20210607151957741.csv,nan
567,c_ALL_20210607151958240.csv,nan
568,c_ALL_20210607151958743.csv,nan
569,c_ALL_20210607151959240.csv,nan
570,c_ALL_20210607151959744.csv,nan
571,c_ALL_20210607152000241.csv,nan
572,c_ALL_20210607152000745.csv,nan
573,c_ALL_20210607152001245.csv,nan
574,c_ALL_20210607152001751.csv,nan
575,c_ALL_20210607152002240.csv,nan
576,c_ALL_20210607152002745.csv,nan
577,c_ALL_20210607152003244.csv,nan
578,c_ALL_20210607152003741.csv,nan
579,c_ALL_20210607152004240.csv,nan
580,c_ALL_20210607152004745.csv,nan
581,c_ALL_20210607152005240.csv,nan
582,c_ALL_20210607152005747.csv,nan
583,c_ALL_20210607152006240.csv,nan
584,c_ALL_20210607152006744.csv,nan
585,c_ALL_20210607152007240.csv,nan
586,c_ALL_20210607152007743.csv,nan
587,c_ALL_20210607152008241.csv,nan
588,c_ALL_20210607152008740.csv,nan
589,c_ALL_20210607152009241.csv,nan
590,c_ALL_20210607152009739.csv,1.3216e-07
591,c_ALL_20210607152010249.csv,nan
592,c_ALL_20210607152010740.csv,nan
593,c_ALL_20210607152011242.csv,nan
594,c_ALL_20210607152011744.csv,nan
595,c_ALL_20210607152012240.csv,nan
596,c_ALL_20210607152012751.csv,nan
597,c_ALL_20210607152013243.csv,nan
598,c_ALL_20210607152013740.csv,nan
599,c_ALL_20210607152014241.csv,nan
600,c_ALL_20210607152014745.csv,nan
601,c_ALL_20210607152015240.csv,nan
602,c_ALL_20210607152015741.csv,nan
603,c_ALL_20210607152016240.csv,nan
604,c_ALL_20210607152016741.csv,nan
605,c_ALL_20210607152017240.csv,nan
606,c_ALL_20210607152017740.csv,nan
607,c_ALL_20210607152018244.csv,nan
608,c_ALL_20210607152018742.csv,nan
609,c_ALL_20210607152019240.csv,nan
610,c_ALL_20210607152019740.csv,nan
611,c_ALL_20210607152020241.csv,nan
612,c_ALL_20210607152020746.csv,nan
613,c_ALL_20210607152021241.csv,nan
614,c_ALL_20210607152021740.csv,nan
615,c_ALL_20210607152022241.csv,nan
616,c_ALL_20210607152022744.csv,nan
617,c_ALL_20210607152023240.csv,nan
618,c_ALL_20210607152023740.csv,nan
619,c_ALL_20210607152024241.csv,nan
620,c_ALL_20210607152024740.csv,nan
621,c_ALL_20210607152025240.csv,nan
622,c_ALL_20210607152025740.csv,nan
623,c_ALL_20210607152026240.csv,nan
624,c_ALL_20210607152026740.csv,nan
625,c_ALL_20210607152027242.csv,nan
626,c_ALL_20210607152027742.csv,nan
627,c_ALL_20210607152028241.csv,nan
628,c_ALL_20210607152028749.csv,nan
629,c_ALL_20210607152029241.csv,nan
630,c_ALL_20210607152029749.csv,nan
631,c_ALL_20210607152030240.csv,nan
632,c_ALL_20210607152030740.csv,nan
633,c_ALL_20210607152031245.csv,nan
634,c_ALL_20210607152031742.csv,nan
635,c_ALL_20210607152032241.csv,nan
636,c_ALL_20210607152032744.csv,nan
637,c_ALL_20210607152033244.csv,nan
638,c_ALL_20210607152033741.csv,nan
639,c_ALL_20210607152034240.csv,nan
640,c_ALL_20210607152034740.csv,nan
641,c_ALL_20210607152035241.csv,nan
642,c_ALL_20210607152035740.csv,nan
643,c_ALL_20210607152036246.csv,nan
644,c_ALL_20210607152036744.csv,nan
645,c_ALL_20210607152037240.csv,nan
646,c_ALL_20210607152037740.csv,nan
647,c_ALL_20210607152038240.csv,nan
648,c_ALL_20210607152038744.csv,nan
649,c_ALL_20210607152039240.csv,nan
650,c_ALL_20210607152039741.csv,nan
651,c_ALL_20210607152040240.csv,nan
652,c_ALL_20210607152040745.csv,nan
653,c_ALL_20210607152041241.csv,nan
654,c_ALL_20210607152041741.csv,nan
655,c_ALL_20210607152042240.csv,nan
656,c_ALL_20210607152042740.csv,nan
657,c_ALL_20210607152043241.csv,nan
658,c_ALL_20210607152043741.csv,nan
659,c_ALL_20210607152044241.csv,nan
660,c_ALL_20210607152044741.csv,nan
661,c_ALL_20210607152045240.csv,nan
662,c_ALL_20210607152045741.csv,nan
663,c_ALL_20210607152046240.csv,nan
664,c_ALL_20210607152046748.csv,nan
665,c_ALL_20210607152047241.csv,nan
666,c_ALL_20210607152047740.csv,nan
667,c_ALL_20210607152048254.csv,nan
668,c_ALL_20210607152048745.csv,nan
669,c_ALL_20210607152049244.csv,nan
670,c_ALL_20210607152049747.csv,nan
671,c_ALL_20210607152050241.csv,nan
672,c_ALL_20210607152050742.csv,nan
673,c_ALL_20210607152051245.csv,nan
674,c_ALL_20210607152051746.csv,nan
675,c_ALL_20210607152052241.csv,nan
676,c_ALL_20210607152052740.csv,nan
677,c_ALL_20210607152053241.csv,nan
678,c_ALL_20210607152053752.csv,nan
679,c_ALL_20210607152054254.csv,nan
680,c_ALL_20210607152054741.csv,nan
681,c_ALL_20210607152055241.csv,nan
682,c_ALL_20210607152055741.csv,nan
683,c_ALL_20210607152056244.csv,nan
684,c_ALL_20210607152056744.csv,nan
685,c_ALL_20210607152057247.csv,nan
686,c_ALL_20210607152057743.csv,nan
687,c_ALL_20210607152058246.csv,nan
688,c_ALL_20210607152058741.csv,nan
689,c_ALL_20210607152059243.csv,nan
690,c_ALL_20210607152059741.csv,nan
691,c_ALL_20210607152100256.csv,nan
692,c_ALL_20210607152100740.csv,nan
693,c_ALL_20210607152101249.csv,nan
694,c_ALL_20210607152101741.csv,nan
695,c_ALL_20210607152102240.csv,nan
696,c_ALL_20210607152102745.csv,nan
697,c_ALL_20210607152103248.csv,nan
698,c_ALL_20210607152103745.csv,nan
699,c_ALL_20210607152104244.csv,nan
700,c_ALL_20210607152104741.csv,nan
701,c_ALL_20210607152105246.csv,nan
702,c_ALL_20210607152105749.csv,nan
703,c_ALL_20210607152106240.csv,nan
704,c_ALL_20210607152106741.csv,nan
705,c_ALL_20210607152107246.csv,nan
706,c_ALL_20210607152107740.csv,nan
707,c_ALL_20210607152108244.csv,nan
708,c_ALL_20210607152108741.csv,nan
709,c_ALL_20210607152109245.csv,nan
710,c_ALL_20210607152109744.csv,nan
711,c_ALL_20210607152110249.csv,nan
712,c_ALL_20210607152110741.csv,nan
713,c_ALL_20210607152111246.csv,nan
714,c_ALL_20210607152111743.csv,nan
715,c_ALL_20210607152112244.csv,nan
716,c_ALL_20210607152112740.csv,nan
717,c_ALL_20210607152113245.csv,nan
718,c_ALL_20210607152113741.csv,nan
719,c_ALL_20210607152114241.csv,2.344e-07
720,c_ALL_20210607152114741.csv,nan
721,c_ALL_20210607152115241.csv,3.1152e-07
722,c_ALL_20210607152115745.csv,nan
723,c_ALL_20210607152116244.csv,nan
724,c_ALL_20210607152116741.csv,nan
725,c_ALL_20210607152117241.csv,nan
726,c_ALL_20210607152117749.csv,nan
727,c_ALL_20210607152118252.csv,nan
728,c_ALL_20210607152118749.csv,nan
729,c_ALL_20210607152119246.csv,nan
730,c_ALL_20210607152119749.csv,nan
731,c_ALL_20210607152120241.csv,nan
732,c_ALL_20210607152120752.csv,nan
733,c_ALL_20210607152121242.csv,nan
734,c_ALL_20210607152121741.csv,nan
735,c_ALL_20210607152122245.csv,nan
736,c_ALL_20210607152122740.csv,nan
737,c_ALL_20210607152123241.csv,nan
738,c_ALL_20210607152123740.csv,nan
739,c_ALL_20210607152124241.csv,nan
740,c_ALL_20210607152124746.csv,nan
741,c_ALL_20210607152125241.csv,nan
742,c_ALL_20210607152125743.csv,nan
743,c_ALL_20210607152126253.csv,nan
744,c_ALL_20210607152126750.csv,nan
745,c_ALL_20210607152127241.csv,nan
746,c_ALL_20210607152127753.csv,nan
747,c_ALL_20210607152128246.csv,nan
748,c_ALL_20210607152128741.csv,nan
749,c_ALL_20210607152129240.csv,nan
750,c_ALL_20210607152129741.csv,nan
751,c_ALL_20210607152130245.csv,nan
752,c_ALL_20210607152130741.csv,nan
753,c_ALL_20210607152131241.csv,nan
754,c_ALL_20210607152131741.csv,nan
755,c_ALL_20210607152132240.csv,nan
756,c_ALL_20210607152132741.csv,nan
757,c_ALL_20210607152133241.csv,nan
758,c_ALL_20210607152133741.csv,nan
759,c_ALL_20210607152134246.csv,nan
760,c_ALL_20210607152134742.csv,nan
761,c_ALL_20210607152135241.csv,nan
762,c_ALL_20210607152135755.csv,nan
763,c_ALL_20210607152136241.csv,nan
764,c_ALL_20210607152136741.csv,nan
765,c_ALL_20210607152137245.csv,nan
766,c_ALL_20210607152137741.csv,nan
767,c_ALL_20210607152138246.csv,nan
768,c_ALL_20210607152138741.csv,nan
769,c_ALL_20210607152139241.csv,nan
770,c_ALL_20210607152139756.csv,nan
771,c_ALL_20210607152140241.csv,nan
772,c_ALL_20210607152140743.csv,nan
773,c_ALL_20210607152141242.csv,nan
774,c_ALL_20210607152141741.csv,nan
775,c_ALL_20210607152142245.csv,nan
776,c_ALL_20210607152142744.csv,nan
777,c_ALL_20210607152143241.csv,nan
778,c_ALL_20210607152143742.csv,nan
779,c_ALL_20210607152144241.csv,nan
780,c_ALL_20210607152144741.csv,nan
781,c_ALL_20210607152145241.csv,nan
782,c_ALL_20210607152145745.csv,nan
783,c_ALL_20210607152146241.csv,nan
784,c_ALL_20210607152146744.csv,nan
785,c_ALL_20210607152147240.csv,nan
786,c_ALL_20210607152147740.csv,nan
787,c_ALL_20210607152148241.csv,nan
788,c_ALL_20210607152148741.csv,nan
789,c_ALL_20210607152149241.csv,nan
790,c_ALL_20210607152149753.csv,nan
791,c_ALL_20210607152150247.csv,nan
792,c_ALL_20210607152150741.csv,nan
793,c_ALL_20210607152151241.csv,nan
794,c_ALL_20210607152151740.csv,nan
795,c_ALL_20210607152152243.csv,nan
796,c_ALL_20210607152152741.csv,nan
797,c_ALL_20210607152153242.csv,nan
798,c_ALL_20210607152153741.csv,nan
799,c_ALL_20210607152154244.csv,nan
800,c_ALL_20210607152154752.csv,nan
801,c_ALL_20210607152155250.csv,nan
802,c_ALL_20210607152155753.csv,nan
803,c_ALL_20210607152156241.csv,nan
804,c_ALL_20210607152156745.csv,nan
805,c_ALL_20210607152157241.csv,nan
806,c_ALL_20210607152157741.csv,nan
807,c_ALL_20210607152158247.csv,nan
808,c_ALL_20210607152158741.csv,nan
809,c_ALL_20210607152159241.csv,nan
810,c_ALL_20210607152159753.csv,nan
811,c_ALL_20210607152200254.csv,nan
812,c_ALL_20210607152200749.csv,nan
813,c_ALL_20210607152201255.csv,nan
814,c_ALL_20210607152201741.csv,nan
815,c_ALL_20210607152202245.csv,nan
816,c_ALL_20210607152202746.csv,nan
817,c_ALL_20210607152203241.csv,nan
818,c_ALL_20210607152203754.csv,nan
819,c_ALL_20210607152204256.csv,nan
820,c_ALL_20210607152204753.csv,nan
821,c_ALL_20210607152205242.csv,nan
822,c_ALL_20210607152205754.csv,nan
823,c_ALL_20210607152206241.csv,nan
824,c_ALL_20210607152206741.csv,nan
825,c_ALL_20210607152207241.csv,nan
826,c_ALL_20210607152207742.csv,nan
827,c_ALL_20210607152208241.csv,nan
828,c_ALL_20210607152208754.csv,nan
829,c_ALL_20210607152209241.csv,nan
830,c_ALL_20210607152209741.csv,nan
831,c_ALL_20210607152210241.csv,nan
832,c_ALL_20210607152210743.csv,nan
833,c_ALL_20210607152211241.csv,nan
834,c_ALL_20210607152211757.csv,nan
835,c_ALL_20210607152212241.csv,nan
836,c_ALL_20210607152212760.csv,nan
837,c_ALL_20210607152213241.csv,nan
838,c_ALL_20210607152213741.csv,nan
839,c_ALL_20210607152214245.csv,nan
840,c_ALL_20210607152214740.csv,nan
841,c_ALL_20210607152215241.csv,nan
842,c_ALL_20210607152215741.csv,nan
843,c_ALL_20210607152216241.csv,nan
844,c_ALL_20210607152216741.csv,nan
845,c_ALL_20210607152217241.csv,nan
846,c_ALL_20210607152217748.csv,nan
847,c_ALL_20210607152218242.csv,nan
848,c_ALL_20210607152218741.csv,nan
849,c_ALL_20210607152219245.csv,nan
850,c_ALL_20210607152219744.csv,nan
851,c_ALL_20210607152220240.csv,nan
852,c_ALL_20210607152220752.csv,nan
853,c_ALL_20210607152221251.csv,nan
854,c_ALL_20210607152221741.csv,nan
855,c_ALL_20210607152222240.csv,nan
856,c_ALL_20210607152222740.csv,nan
857,c_ALL_20210607152223241.csv,nan
858,c_ALL_20210607152223740.csv,nan
859,c_ALL_20210607152224242.csv,nan
860,c_ALL_20210607152224745.csv,nan
861,c_ALL_20210607152225240.csv,nan
862,c_ALL_20210607152225745.csv,nan
863,c_ALL_20210607152226241.csv,nan
864,c_ALL_20210607152226751.csv,nan
865,c_ALL_20210607152227240.csv,nan
866,c_ALL_20210607152227740.csv,nan
867,c_ALL_20210607152228247.csv,nan
868,c_ALL_20210607152228745.csv,nan
869,c_ALL_20210607152229240.csv,nan
870,c_ALL_20210607152229740.csv,nan
871,c_ALL_20210607152230241.csv,nan
872,c_ALL_20210607152230740.csv,nan
873,c_ALL_20210607152231240.csv,nan
874,c_ALL_20210607152231744.csv,nan
875,c_ALL_20210607152232249.csv,nan
876,c_ALL_20210607152232752.csv,nan
877,c_ALL_20210607152233241.csv,nan
878,c_ALL_20210607152233741.csv,nan
879,c_ALL_20210607152234249.csv,nan
880,c_ALL_20210607152234746.csv,nan
881,c_ALL_20210607152235242.csv,nan
882,c_ALL_20210607152235746.csv,nan
883,c_ALL_20210607152236240.csv,nan
884,c_ALL_20210607152236746.csv,nan
885,c_ALL_20210607152237241.csv,nan
886,c_ALL_20210607152237745.csv,nan
887,c_ALL_20210607152238241.csv,nan
888,c_ALL_20210607152238765.csv,nan
889,c_ALL_20210607152239241.csv,nan
890,c_ALL_20210607152239750.csv,nan
891,c_ALL_20210607152240241.csv,nan
892,c_ALL_20210607152240743.csv,nan
893,c_ALL_20210607152241240.csv,nan
894,c_ALL_20210607152241740.csv,nan
895,c_ALL_20210607152242240.csv,nan
896,c_ALL_20210607152242740.csv,nan
897,c_ALL_20210607152243247.csv,nan
898,c_ALL_20210607152243752.csv,nan
899,c_ALL_20210607152244241.csv,nan
900,c_ALL_20210607152244743.csv,nan
901,c_ALL_20210607152245241.csv,nan
902,c_ALL_20210607152245744.csv,nan
903,c_ALL_20210607152246241.csv,nan
904,c_ALL_20210607152246752.csv,nan
905,c_ALL_20210607152247241.csv,nan
906,c_ALL_20210607152247741.csv,nan
907,c_ALL_20210607152248242.csv,nan
908,c_ALL_20210607152248744.csv,nan
909,c_ALL_20210607152249240.csv,nan
910,c_ALL_20210607152249745.csv,nan
911,c_ALL_20210607152250250.csv,nan
912,c_ALL_20210607152250749.csv,nan
913,c_ALL_20210607152251241.csv,nan
914,c_ALL_20210607152251741.csv,nan
915,c_ALL_20210607152252245.csv,nan
916,c_ALL_20210607152252745.csv,nan
917,c_ALL_20210607152253250.csv,nan
918,c_ALL_20210607152253741.csv,nan
919,c_ALL_20210607152254241.csv,nan
920,c_ALL_20210607152254747.csv,nan
921,c_ALL_20210607152255244.csv,nan
922,c_ALL_20210607152255741.csv,nan
923,c_ALL_20210607152256241.csv,nan
924,c_ALL_20210607152256741.csv,nan
925,c_ALL_20210607152257241.csv,nan
926,c_ALL_20210607152257741.csv,nan
927,c_ALL_20210607152258244.csv,nan
928,c_ALL_20210607152258751.csv,nan
929,c_ALL_20210607152259249.csv,nan
930,c_ALL_20210607152259746.csv,nan
931,c_ALL_20210607152300241.csv,nan
932,c_ALL_20210607152300750.csv,nan
933,c_ALL_20210607152301247.csv,nan
934,c_ALL_20210607152301744.csv,nan
935,c_ALL_20210607152302241.csv,nan
936,c_ALL_20210607152302741.csv,nan
937,c_ALL_20210607152303242.csv,nan
938,c_ALL_20210607152303745.csv,nan
939,c_ALL_20210607152304247.csv,nan
940,c_ALL_20210607152304741.csv,nan
941,c_ALL_20210607152305246.csv,nan
942,c_ALL_20210607152305744.csv,nan
943,c_ALL_20210607152306241.csv,nan
944,c_ALL_20210607152306750.csv,nan
945,c_ALL_20210607152307240.csv,nan
946,c_ALL_20210607152307743.csv,nan
947,c_ALL_20210607152308242.csv,nan
948,c_ALL_20210607152308741.csv,nan
949,c_ALL_20210607152309248.csv,nan
950,c_ALL_20210607152309741.csv,nan
951,c_ALL_20210607152310241.csv,nan
952,c_ALL_20210607152310742.csv,nan
953,c_ALL_20210607152311241.csv,nan
954,c_ALL_20210607152311752.csv,nan
955,c_ALL_20210607152312243.csv,nan
956,c_ALL_20210607152312745.csv,nan
957,c_ALL_20210607152313244.csv,nan
958,c_ALL_20210607152313741.csv,nan
959,c_ALL_20210607152314242.csv,nan
960,c_ALL_20210607152314741.csv,nan
961,c_ALL_20210607152315245.csv,nan
962,c_ALL_20210607152315741.csv,nan
963,c_ALL_20210607152316241.csv,nan
964,c_ALL_20210607152316741.csv,nan
965,c_ALL_20210607152317245.csv,nan
966,c_ALL_20210607152317742.csv,nan
967,c_ALL_20210607152318241.csv,nan
968,c_ALL_20210607152318741.csv,nan
969,c_ALL_20210607152319245.csv,nan
970,c_ALL_20210607152319741.csv,nan
971,c_ALL_20210607152320245.csv,nan
972,c_ALL_20210607152320741.csv,nan
973,c_ALL_20210607152321247.csv,nan
974,c_ALL_20210607152321741.csv,nan
975,c_ALL_20210607152322241.csv,nan
976,c_ALL_20210607152322749.csv,nan
977,c_ALL_20210607152323242.csv,nan
978,c_ALL_20210607152323745.csv,nan
979,c_ALL_20210607152324241.csv,nan
980,c_ALL_20210607152324745.csv,nan
981,c_ALL_20210607152325241.csv,nan
982,c_ALL_20210607152325743.csv,nan
983,c_ALL_20210607152326241.csv,nan
984,c_ALL_20210607152326747.csv,nan
985,c_ALL_20210607152327241.csv,nan
986,c_ALL_20210607152327741.csv,nan
987,c_ALL_20210607152328242.csv,nan
988,c_ALL_20210607152328746.csv,nan
989,c_ALL_20210607152329245.csv,nan
990,c_ALL_20210607152329741.csv,nan
991,c_ALL_20210607152330249.csv,nan
992,c_ALL_20210607152330742.csv,nan
993,c_ALL_20210607152331245.csv,nan
994,c_ALL_20210607152331741.csv,nan
995,c_ALL_20210607152332241.csv,nan
996,c_ALL_20210607152332746.csv,nan
997,c_ALL_20210607152333243.csv,nan
998,c_ALL_20210607152333741.csv,nan
999,c_ALL_20210607152334251.csv,nan
