,Filename,Voltage
0,c_ALL_20210607135350166.csv,nan
1,c_ALL_20210607135350659.csv,nan
2,c_ALL_20210607135351156.csv,nan
3,c_ALL_20210607135351653.csv,nan
4,c_ALL_20210607135352152.csv,nan
5,c_ALL_20210607135352659.csv,nan
6,c_ALL_20210607135353157.csv,nan
7,c_ALL_20210607135353667.csv,nan
8,c_ALL_20210607135354154.csv,nan
9,c_ALL_20210607135354668.csv,nan
10,c_ALL_20210607135355154.csv,nan
11,c_ALL_20210607135355656.csv,nan
12,c_ALL_20210607135356153.csv,nan
13,c_ALL_20210607135356655.csv,nan
14,c_ALL_20210607135357153.csv,nan
15,c_ALL_20210607135357666.csv,nan
16,c_ALL_20210607135358153.csv,nan
17,c_ALL_20210607135358654.csv,nan
18,c_ALL_20210607135359156.csv,nan
19,c_ALL_20210607135359654.csv,nan
20,c_ALL_20210607135400157.csv,nan
21,c_ALL_20210607135400653.csv,nan
22,c_ALL_20210607135401153.csv,nan
23,c_ALL_20210607135401665.csv,nan
24,c_ALL_20210607135402163.csv,nan
25,c_ALL_20210607135402655.csv,nan
26,c_ALL_20210607135403157.csv,nan
27,c_ALL_20210607135403655.csv,nan
28,c_ALL_20210607135404164.csv,nan
29,c_ALL_20210607135404653.csv,nan
30,c_ALL_20210607135405158.csv,nan
31,c_ALL_20210607135405666.csv,nan
32,c_ALL_20210607135406156.csv,nan
33,c_ALL_20210607135406667.csv,nan
34,c_ALL_20210607135407158.csv,nan
35,c_ALL_20210607135407658.csv,nan
36,c_ALL_20210607135408159.csv,nan
37,c_ALL_20210607135408661.csv,nan
38,c_ALL_20210607135409156.csv,nan
39,c_ALL_20210607135409667.csv,nan
40,c_ALL_20210607135410174.csv,nan
41,c_ALL_20210607135410658.csv,nan
42,c_ALL_20210607135411152.csv,nan
43,c_ALL_20210607135411653.csv,nan
44,c_ALL_20210607135412157.csv,nan
45,c_ALL_20210607135412656.csv,nan
46,c_ALL_20210607135413153.csv,nan
47,c_ALL_20210607135413653.csv,nan
48,c_ALL_20210607135414156.csv,nan
49,c_ALL_20210607135414658.csv,nan
50,c_ALL_20210607135415153.csv,nan
51,c_ALL_20210607135415665.csv,nan
52,c_ALL_20210607135416156.csv,nan
53,c_ALL_20210607135416654.csv,nan
54,c_ALL_20210607135417156.csv,nan
55,c_ALL_20210607135417658.csv,nan
56,c_ALL_20210607135418158.csv,nan
57,c_ALL_20210607135418658.csv,nan
58,c_ALL_20210607135419156.csv,nan
59,c_ALL_20210607135419660.csv,nan
60,c_ALL_20210607135420156.csv,nan
61,c_ALL_20210607135420660.csv,nan
62,c_ALL_20210607135421166.csv,nan
63,c_ALL_20210607135421666.csv,nan
64,c_ALL_20210607135422165.csv,nan
65,c_ALL_20210607135422664.csv,nan
66,c_ALL_20210607135423175.csv,nan
67,c_ALL_20210607135423658.csv,nan
68,c_ALL_20210607135424164.csv,nan
69,c_ALL_20210607135424666.csv,nan
70,c_ALL_20210607135425166.csv,nan
71,c_ALL_20210607135425665.csv,nan
72,c_ALL_20210607135426153.csv,nan
73,c_ALL_20210607135426664.csv,nan
74,c_ALL_20210607135427154.csv,nan
75,c_ALL_20210607135427659.csv,nan
76,c_ALL_20210607135428153.csv,nan
77,c_ALL_20210607135428658.csv,nan
78,c_ALL_20210607135429159.csv,nan
79,c_ALL_20210607135429654.csv,nan
80,c_ALL_20210607135430152.csv,nan
81,c_ALL_20210607135430653.csv,nan
82,c_ALL_20210607135431157.csv,nan
83,c_ALL_20210607135431657.csv,nan
84,c_ALL_20210607135432160.csv,nan
85,c_ALL_20210607135432653.csv,nan
86,c_ALL_20210607135433153.csv,nan
87,c_ALL_20210607135433668.csv,nan
88,c_ALL_20210607135434159.csv,nan
89,c_ALL_20210607135434661.csv,nan
90,c_ALL_20210607135435165.csv,nan
91,c_ALL_20210607135435653.csv,nan
92,c_ALL_20210607135436167.csv,nan
93,c_ALL_20210607135436656.csv,nan
94,c_ALL_20210607135437152.csv,nan
95,c_ALL_20210607135437658.csv,nan
96,c_ALL_20210607135438155.csv,nan
97,c_ALL_20210607135438661.csv,nan
98,c_ALL_20210607135439165.csv,nan
99,c_ALL_20210607135439668.csv,nan
100,c_ALL_20210607135440156.csv,nan
101,c_ALL_20210607135440653.csv,nan
102,c_ALL_20210607135441159.csv,nan
103,c_ALL_20210607135441653.csv,nan
104,c_ALL_20210607135442153.csv,nan
105,c_ALL_20210607135442669.csv,nan
106,c_ALL_20210607135443153.csv,nan
107,c_ALL_20210607135443658.csv,nan
108,c_ALL_20210607135444165.csv,nan
109,c_ALL_20210607135444653.csv,nan
110,c_ALL_20210607135445156.csv,nan
111,c_ALL_20210607135445653.csv,nan
112,c_ALL_20210607135446157.csv,nan
113,c_ALL_20210607135446657.csv,nan
114,c_ALL_20210607135447163.csv,nan
115,c_ALL_20210607135447665.csv,nan
116,c_ALL_20210607135448165.csv,nan
117,c_ALL_20210607135448666.csv,nan
118,c_ALL_20210607135449156.csv,nan
119,c_ALL_20210607135449666.csv,nan
120,c_ALL_20210607135450160.csv,nan
121,c_ALL_20210607135450659.csv,-14293.125
122,c_ALL_20210607135451158.csv,nan
123,c_ALL_20210607135451657.csv,nan
124,c_ALL_20210607135452158.csv,nan
125,c_ALL_20210607135452653.csv,nan
126,c_ALL_20210607135453153.csv,nan
127,c_ALL_20210607135453658.csv,nan
128,c_ALL_20210607135454153.csv,nan
129,c_ALL_20210607135454660.csv,nan
130,c_ALL_20210607135455158.csv,nan
131,c_ALL_20210607135455656.csv,nan
132,c_ALL_20210607135456153.csv,nan
133,c_ALL_20210607135456659.csv,nan
134,c_ALL_20210607135457158.csv,nan
135,c_ALL_20210607135457668.csv,nan
136,c_ALL_20210607135458165.csv,nan
137,c_ALL_20210607135458653.csv,nan
138,c_ALL_20210607135459153.csv,nan
139,c_ALL_20210607135459667.csv,nan
140,c_ALL_20210607135500165.csv,nan
141,c_ALL_20210607135500664.csv,nan
142,c_ALL_20210607135501156.csv,nan
143,c_ALL_20210607135501654.csv,nan
144,c_ALL_20210607135502157.csv,nan
145,c_ALL_20210607135502653.csv,nan
146,c_ALL_20210607135503153.csv,nan
147,c_ALL_20210607135503668.csv,nan
148,c_ALL_20210607135504155.csv,nan
149,c_ALL_20210607135504654.csv,nan
150,c_ALL_20210607135505153.csv,nan
151,c_ALL_20210607135505654.csv,nan
152,c_ALL_20210607135506152.csv,nan
153,c_ALL_20210607135506664.csv,nan
154,c_ALL_20210607135507161.csv,nan
155,c_ALL_20210607135507654.csv,nan
156,c_ALL_20210607135508153.csv,nan
157,c_ALL_20210607135508657.csv,nan
158,c_ALL_20210607135509154.csv,nan
159,c_ALL_20210607135509653.csv,nan
160,c_ALL_20210607135510159.csv,nan
161,c_ALL_20210607135510654.csv,nan
162,c_ALL_20210607135511153.csv,nan
163,c_ALL_20210607135511658.csv,nan
164,c_ALL_20210607135512153.csv,nan
165,c_ALL_20210607135512665.csv,nan
166,c_ALL_20210607135513153.csv,nan
167,c_ALL_20210607135513665.csv,nan
168,c_ALL_20210607135514158.csv,nan
169,c_ALL_20210607135514656.csv,nan
170,c_ALL_20210607135515154.csv,nan
171,c_ALL_20210607135515669.csv,nan
172,c_ALL_20210607135516157.csv,nan
173,c_ALL_20210607135516653.csv,nan
174,c_ALL_20210607135517162.csv,nan
175,c_ALL_20210607135517654.csv,nan
176,c_ALL_20210607135518153.csv,nan
177,c_ALL_20210607135518668.csv,nan
178,c_ALL_20210607135519153.csv,nan
179,c_ALL_20210607135519663.csv,nan
180,c_ALL_20210607135520153.csv,nan
181,c_ALL_20210607135520653.csv,nan
182,c_ALL_20210607135521153.csv,nan
183,c_ALL_20210607135521656.csv,nan
184,c_ALL_20210607135522153.csv,nan
185,c_ALL_20210607135522653.csv,nan
186,c_ALL_20210607135523160.csv,nan
187,c_ALL_20210607135523659.csv,nan
188,c_ALL_20210607135524153.csv,nan
189,c_ALL_20210607135524653.csv,nan
190,c_ALL_20210607135525153.csv,nan
191,c_ALL_20210607135525663.csv,nan
192,c_ALL_20210607135526159.csv,nan
193,c_ALL_20210607135526653.csv,nan
194,c_ALL_20210607135527157.csv,nan
195,c_ALL_20210607135527667.csv,nan
196,c_ALL_20210607135528178.csv,nan
197,c_ALL_20210607135528654.csv,nan
198,c_ALL_20210607135529153.csv,nan
199,c_ALL_20210607135529667.csv,nan
200,c_ALL_20210607135530165.csv,nan
201,c_ALL_20210607135530667.csv,nan
202,c_ALL_20210607135531155.csv,nan
203,c_ALL_20210607135531653.csv,nan
204,c_ALL_20210607135532153.csv,nan
205,c_ALL_20210607135532653.csv,nan
206,c_ALL_20210607135533159.csv,nan
207,c_ALL_20210607135533653.csv,nan
208,c_ALL_20210607135534159.csv,nan
209,c_ALL_20210607135534655.csv,nan
210,c_ALL_20210607135535153.csv,nan
211,c_ALL_20210607135535653.csv,nan
212,c_ALL_20210607135536157.csv,nan
213,c_ALL_20210607135536664.csv,nan
214,c_ALL_20210607135537153.csv,nan
215,c_ALL_20210607135537657.csv,nan
216,c_ALL_20210607135538153.csv,nan
217,c_ALL_20210607135538653.csv,nan
218,c_ALL_20210607135539153.csv,nan
219,c_ALL_20210607135539654.csv,nan
220,c_ALL_20210607135540158.csv,nan
221,c_ALL_20210607135540653.csv,nan
222,c_ALL_20210607135541153.csv,nan
223,c_ALL_20210607135541654.csv,nan
224,c_ALL_20210607135542161.csv,nan
225,c_ALL_20210607135542653.csv,nan
226,c_ALL_20210607135543156.csv,nan
227,c_ALL_20210607135543656.csv,nan
228,c_ALL_20210607135544153.csv,nan
229,c_ALL_20210607135544656.csv,nan
230,c_ALL_20210607135545167.csv,nan
231,c_ALL_20210607135545653.csv,nan
232,c_ALL_20210607135546159.csv,nan
233,c_ALL_20210607135546668.csv,nan
234,c_ALL_20210607135547153.csv,nan
235,c_ALL_20210607135547656.csv,nan
236,c_ALL_20210607135548153.csv,nan
237,c_ALL_20210607135548662.csv,nan
238,c_ALL_20210607135549159.csv,nan
239,c_ALL_20210607135549668.csv,nan
240,c_ALL_20210607135550155.csv,nan
241,c_ALL_20210607135550667.csv,nan
242,c_ALL_20210607135551158.csv,nan
243,c_ALL_20210607135551654.csv,nan
244,c_ALL_20210607135552153.csv,nan
245,c_ALL_20210607135552657.csv,nan
246,c_ALL_20210607135553153.csv,nan
247,c_ALL_20210607135553665.csv,nan
248,c_ALL_20210607135554157.csv,nan
249,c_ALL_20210607135554655.csv,nan
250,c_ALL_20210607135555158.csv,nan
251,c_ALL_20210607135555667.csv,nan
252,c_ALL_20210607135556153.csv,nan
253,c_ALL_20210607135556668.csv,nan
254,c_ALL_20210607135557154.csv,nan
255,c_ALL_20210607135557655.csv,nan
256,c_ALL_20210607135558154.csv,nan
257,c_ALL_20210607135558654.csv,nan
258,c_ALL_20210607135559153.csv,nan
259,c_ALL_20210607135559653.csv,nan
260,c_ALL_20210607135600158.csv,nan
261,c_ALL_20210607135600662.csv,nan
262,c_ALL_20210607135601158.csv,nan
263,c_ALL_20210607135601653.csv,nan
264,c_ALL_20210607135602153.csv,nan
265,c_ALL_20210607135602653.csv,nan
266,c_ALL_20210607135603158.csv,nan
267,c_ALL_20210607135603657.csv,nan
268,c_ALL_20210607135604153.csv,nan
269,c_ALL_20210607135604668.csv,nan
270,c_ALL_20210607135605153.csv,nan
271,c_ALL_20210607135605668.csv,nan
272,c_ALL_20210607135606168.csv,nan
273,c_ALL_20210607135606668.csv,nan
274,c_ALL_20210607135607153.csv,nan
275,c_ALL_20210607135607667.csv,nan
276,c_ALL_20210607135608153.csv,nan
277,c_ALL_20210607135608653.csv,nan
278,c_ALL_20210607135609158.csv,nan
279,c_ALL_20210607135609655.csv,nan
280,c_ALL_20210607135610167.csv,nan
281,c_ALL_20210607135610660.csv,nan
282,c_ALL_20210607135611153.csv,nan
283,c_ALL_20210607135611664.csv,nan
284,c_ALL_20210607135612158.csv,nan
285,c_ALL_20210607135612659.csv,nan
286,c_ALL_20210607135613158.csv,nan
287,c_ALL_20210607135613660.csv,nan
288,c_ALL_20210607135614156.csv,nan
289,c_ALL_20210607135614653.csv,nan
290,c_ALL_20210607135615156.csv,nan
291,c_ALL_20210607135615662.csv,nan
292,c_ALL_20210607135616158.csv,nan
293,c_ALL_20210607135616653.csv,nan
294,c_ALL_20210607135617153.csv,nan
295,c_ALL_20210607135617653.csv,nan
296,c_ALL_20210607135618166.csv,nan
297,c_ALL_20210607135618669.csv,nan
298,c_ALL_20210607135619169.csv,nan
299,c_ALL_20210607135619660.csv,nan
300,c_ALL_20210607135620155.csv,nan
301,c_ALL_20210607135620658.csv,nan
302,c_ALL_20210607135621154.csv,nan
303,c_ALL_20210607135621654.csv,nan
304,c_ALL_20210607135622153.csv,nan
305,c_ALL_20210607135622660.csv,nan
306,c_ALL_20210607135623169.csv,nan
307,c_ALL_20210607135623654.csv,nan
308,c_ALL_20210607135624157.csv,nan
309,c_ALL_20210607135624666.csv,nan
310,c_ALL_20210607135625153.csv,nan
311,c_ALL_20210607135625669.csv,nan
312,c_ALL_20210607135626153.csv,nan
313,c_ALL_20210607135626655.csv,nan
314,c_ALL_20210607135627159.csv,nan
315,c_ALL_20210607135627659.csv,nan
316,c_ALL_20210607135628166.csv,nan
317,c_ALL_20210607135628656.csv,nan
318,c_ALL_20210607135629153.csv,nan
319,c_ALL_20210607135629658.csv,nan
320,c_ALL_20210607135630158.csv,nan
321,c_ALL_20210607135630658.csv,nan
322,c_ALL_20210607135631153.csv,nan
323,c_ALL_20210607135631666.csv,nan
324,c_ALL_20210607135632153.csv,nan
325,c_ALL_20210607135632659.csv,nan
326,c_ALL_20210607135633156.csv,nan
327,c_ALL_20210607135633659.csv,nan
328,c_ALL_20210607135634158.csv,nan
329,c_ALL_20210607135634653.csv,nan
330,c_ALL_20210607135635153.csv,nan
331,c_ALL_20210607135635664.csv,nan
332,c_ALL_20210607135636153.csv,nan
333,c_ALL_20210607135636654.csv,nan
334,c_ALL_20210607135637154.csv,nan
335,c_ALL_20210607135637667.csv,nan
336,c_ALL_20210607135638159.csv,nan
337,c_ALL_20210607135638654.csv,nan
338,c_ALL_20210607135639153.csv,-14555.8125
339,c_ALL_20210607135639678.csv,nan
340,c_ALL_20210607135640164.csv,nan
341,c_ALL_20210607135640655.csv,nan
342,c_ALL_20210607135641153.csv,nan
343,c_ALL_20210607135641653.csv,nan
344,c_ALL_20210607135642153.csv,nan
345,c_ALL_20210607135642658.csv,nan
346,c_ALL_20210607135643153.csv,nan
347,c_ALL_20210607135643662.csv,nan
348,c_ALL_20210607135644153.csv,nan
349,c_ALL_20210607135644660.csv,nan
350,c_ALL_20210607135645159.csv,nan
351,c_ALL_20210607135645658.csv,nan
352,c_ALL_20210607135646154.csv,nan
353,c_ALL_20210607135646653.csv,nan
354,c_ALL_20210607135647158.csv,nan
355,c_ALL_20210607135647659.csv,nan
356,c_ALL_20210607135648162.csv,nan
357,c_ALL_20210607135648658.csv,nan
358,c_ALL_20210607135649153.csv,nan
359,c_ALL_20210607135649667.csv,nan
360,c_ALL_20210607135650154.csv,nan
361,c_ALL_20210607135650657.csv,nan
362,c_ALL_20210607135651153.csv,nan
363,c_ALL_20210607135651653.csv,nan
364,c_ALL_20210607135652153.csv,nan
365,c_ALL_20210607135652657.csv,nan
366,c_ALL_20210607135653156.csv,nan
367,c_ALL_20210607135653663.csv,nan
368,c_ALL_20210607135654153.csv,nan
369,c_ALL_20210607135654668.csv,nan
370,c_ALL_20210607135655153.csv,nan
371,c_ALL_20210607135655655.csv,nan
372,c_ALL_20210607135656158.csv,nan
373,c_ALL_20210607135656668.csv,nan
374,c_ALL_20210607135657153.csv,nan
375,c_ALL_20210607135657668.csv,nan
376,c_ALL_20210607135658153.csv,nan
377,c_ALL_20210607135658653.csv,nan
378,c_ALL_20210607135659154.csv,nan
379,c_ALL_20210607135659654.csv,nan
380,c_ALL_20210607135700153.csv,nan
381,c_ALL_20210607135700654.csv,nan
382,c_ALL_20210607135701153.csv,nan
383,c_ALL_20210607135701667.csv,nan
384,c_ALL_20210607135702168.csv,nan
385,c_ALL_20210607135702657.csv,nan
386,c_ALL_20210607135703153.csv,nan
387,c_ALL_20210607135703653.csv,nan
388,c_ALL_20210607135704153.csv,nan
389,c_ALL_20210607135704653.csv,nan
390,c_ALL_20210607135705165.csv,nan
391,c_ALL_20210607135705656.csv,nan
392,c_ALL_20210607135706159.csv,nan
393,c_ALL_20210607135706654.csv,nan
394,c_ALL_20210607135707158.csv,nan
395,c_ALL_20210607135707653.csv,nan
396,c_ALL_20210607135708154.csv,nan
397,c_ALL_20210607135708654.csv,nan
398,c_ALL_20210607135709158.csv,nan
399,c_ALL_20210607135709655.csv,nan
400,c_ALL_20210607135710153.csv,nan
401,c_ALL_20210607135710654.csv,nan
402,c_ALL_20210607135711159.csv,nan
403,c_ALL_20210607135711657.csv,nan
404,c_ALL_20210607135712154.csv,nan
405,c_ALL_20210607135712661.csv,nan
406,c_ALL_20210607135713154.csv,nan
407,c_ALL_20210607135713654.csv,nan
408,c_ALL_20210607135714155.csv,nan
409,c_ALL_20210607135714666.csv,nan
410,c_ALL_20210607135715153.csv,nan
411,c_ALL_20210607135715665.csv,nan
412,c_ALL_20210607135716157.csv,nan
413,c_ALL_20210607135716659.csv,nan
414,c_ALL_20210607135717153.csv,nan
415,c_ALL_20210607135717653.csv,nan
416,c_ALL_20210607135718156.csv,nan
417,c_ALL_20210607135718654.csv,nan
418,c_ALL_20210607135719157.csv,nan
419,c_ALL_20210607135719660.csv,nan
420,c_ALL_20210607135720154.csv,nan
421,c_ALL_20210607135720658.csv,nan
422,c_ALL_20210607135721154.csv,nan
423,c_ALL_20210607135721668.csv,nan
424,c_ALL_20210607135722157.csv,nan
425,c_ALL_20210607135722659.csv,nan
426,c_ALL_20210607135723153.csv,nan
427,c_ALL_20210607135723668.csv,nan
428,c_ALL_20210607135724168.csv,nan
429,c_ALL_20210607135724669.csv,nan
430,c_ALL_20210607135725155.csv,nan
431,c_ALL_20210607135725668.csv,nan
432,c_ALL_20210607135726155.csv,nan
433,c_ALL_20210607135726668.csv,nan
434,c_ALL_20210607135727153.csv,nan
435,c_ALL_20210607135727656.csv,nan
436,c_ALL_20210607135728153.csv,nan
437,c_ALL_20210607135728653.csv,nan
438,c_ALL_20210607135729161.csv,nan
439,c_ALL_20210607135729661.csv,nan
440,c_ALL_20210607135730157.csv,nan
441,c_ALL_20210607135730657.csv,nan
442,c_ALL_20210607135731153.csv,nan
443,c_ALL_20210607135731655.csv,nan
444,c_ALL_20210607135732153.csv,nan
445,c_ALL_20210607135732654.csv,nan
446,c_ALL_20210607135733154.csv,nan
447,c_ALL_20210607135733653.csv,nan
448,c_ALL_20210607135734153.csv,nan
449,c_ALL_20210607135734659.csv,nan
450,c_ALL_20210607135735153.csv,nan
451,c_ALL_20210607135735655.csv,nan
452,c_ALL_20210607135736155.csv,nan
453,c_ALL_20210607135736669.csv,nan
454,c_ALL_20210607135737161.csv,nan
455,c_ALL_20210607135737654.csv,nan
456,c_ALL_20210607135738154.csv,nan
457,c_ALL_20210607135738659.csv,nan
458,c_ALL_20210607135739161.csv,nan
459,c_ALL_20210607135739654.csv,nan
460,c_ALL_20210607135740153.csv,nan
461,c_ALL_20210607135740653.csv,nan
462,c_ALL_20210607135741153.csv,nan
463,c_ALL_20210607135741656.csv,nan
464,c_ALL_20210607135742157.csv,nan
465,c_ALL_20210607135742655.csv,nan
466,c_ALL_20210607135743157.csv,nan
467,c_ALL_20210607135743656.csv,nan
468,c_ALL_20210607135744159.csv,nan
469,c_ALL_20210607135744679.csv,nan
470,c_ALL_20210607135745166.csv,nan
471,c_ALL_20210607135745653.csv,nan
472,c_ALL_20210607135746158.csv,nan
473,c_ALL_20210607135746654.csv,nan
474,c_ALL_20210607135747158.csv,nan
475,c_ALL_20210607135747655.csv,nan
476,c_ALL_20210607135748153.csv,nan
477,c_ALL_20210607135748664.csv,-14167.6875
478,c_ALL_20210607135749166.csv,nan
479,c_ALL_20210607135749654.csv,nan
480,c_ALL_20210607135750159.csv,nan
481,c_ALL_20210607135750669.csv,nan
482,c_ALL_20210607135751154.csv,nan
483,c_ALL_20210607135751665.csv,nan
484,c_ALL_20210607135752154.csv,nan
485,c_ALL_20210607135752658.csv,nan
486,c_ALL_20210607135753154.csv,nan
487,c_ALL_20210607135753668.csv,nan
488,c_ALL_20210607135754158.csv,nan
489,c_ALL_20210607135754658.csv,nan
490,c_ALL_20210607135755153.csv,nan
491,c_ALL_20210607135755654.csv,nan
492,c_ALL_20210607135756156.csv,nan
493,c_ALL_20210607135756654.csv,nan
494,c_ALL_20210607135757154.csv,nan
495,c_ALL_20210607135757655.csv,nan
496,c_ALL_20210607135758158.csv,nan
497,c_ALL_20210607135758653.csv,nan
498,c_ALL_20210607135759167.csv,nan
499,c_ALL_20210607135759655.csv,nan
500,c_ALL_20210607135800154.csv,nan
501,c_ALL_20210607135800654.csv,nan
502,c_ALL_20210607135801153.csv,nan
503,c_ALL_20210607135801668.csv,nan
504,c_ALL_20210607135802167.csv,nan
505,c_ALL_20210607135802658.csv,nan
506,c_ALL_20210607135803154.csv,nan
507,c_ALL_20210607135803667.csv,nan
508,c_ALL_20210607135804157.csv,nan
509,c_ALL_20210607135804656.csv,nan
510,c_ALL_20210607135805155.csv,nan
511,c_ALL_20210607135805655.csv,nan
512,c_ALL_20210607135806157.csv,nan
513,c_ALL_20210607135806668.csv,nan
514,c_ALL_20210607135807157.csv,nan
515,c_ALL_20210607135807658.csv,nan
516,c_ALL_20210607135808153.csv,nan
517,c_ALL_20210607135808659.csv,nan
518,c_ALL_20210607135809153.csv,nan
519,c_ALL_20210607135809655.csv,nan
520,c_ALL_20210607135810153.csv,nan
521,c_ALL_20210607135810659.csv,nan
522,c_ALL_20210607135811154.csv,nan
523,c_ALL_20210607135811655.csv,nan
524,c_ALL_20210607135812154.csv,nan
525,c_ALL_20210607135812662.csv,nan
526,c_ALL_20210607135813165.csv,nan
527,c_ALL_20210607135813666.csv,nan
528,c_ALL_20210607135814161.csv,nan
529,c_ALL_20210607135814659.csv,nan
530,c_ALL_20210607135815154.csv,nan
531,c_ALL_20210607135815667.csv,nan
532,c_ALL_20210607135816159.csv,nan
533,c_ALL_20210607135816661.csv,nan
534,c_ALL_20210607135817154.csv,nan
535,c_ALL_20210607135817660.csv,nan
536,c_ALL_20210607135818154.csv,nan
537,c_ALL_20210607135818655.csv,nan
538,c_ALL_20210607135819154.csv,nan
539,c_ALL_20210607135819658.csv,nan
540,c_ALL_20210607135820154.csv,nan
541,c_ALL_20210607135820669.csv,nan
542,c_ALL_20210607135821158.csv,nan
543,c_ALL_20210607135821658.csv,nan
544,c_ALL_20210607135822159.csv,nan
545,c_ALL_20210607135822668.csv,nan
546,c_ALL_20210607135823153.csv,nan
547,c_ALL_20210607135823654.csv,nan
548,c_ALL_20210607135824168.csv,nan
549,c_ALL_20210607135824660.csv,nan
550,c_ALL_20210607135825153.csv,nan
551,c_ALL_20210607135825660.csv,nan
552,c_ALL_20210607135826158.csv,nan
553,c_ALL_20210607135826655.csv,nan
554,c_ALL_20210607135827159.csv,nan
555,c_ALL_20210607135827654.csv,nan
556,c_ALL_20210607135828153.csv,nan
557,c_ALL_20210607135828656.csv,nan
558,c_ALL_20210607135829155.csv,nan
559,c_ALL_20210607135829654.csv,nan
560,c_ALL_20210607135830154.csv,nan
561,c_ALL_20210607135830654.csv,nan
562,c_ALL_20210607135831159.csv,nan
563,c_ALL_20210607135831658.csv,nan
564,c_ALL_20210607135832159.csv,nan
565,c_ALL_20210607135832655.csv,nan
566,c_ALL_20210607135833155.csv,nan
567,c_ALL_20210607135833654.csv,nan
568,c_ALL_20210607135834153.csv,nan
569,c_ALL_20210607135834669.csv,nan
570,c_ALL_20210607135835153.csv,nan
571,c_ALL_20210607135835668.csv,nan
572,c_ALL_20210607135836155.csv,nan
573,c_ALL_20210607135836654.csv,nan
574,c_ALL_20210607135837159.csv,nan
575,c_ALL_20210607135837654.csv,nan
576,c_ALL_20210607135838153.csv,nan
577,c_ALL_20210607135838665.csv,nan
578,c_ALL_20210607135839153.csv,nan
579,c_ALL_20210607135839659.csv,nan
580,c_ALL_20210607135840154.csv,nan
581,c_ALL_20210607135840669.csv,nan
582,c_ALL_20210607135841161.csv,nan
583,c_ALL_20210607135841660.csv,nan
584,c_ALL_20210607135842153.csv,nan
585,c_ALL_20210607135842654.csv,nan
586,c_ALL_20210607135843154.csv,nan
587,c_ALL_20210607135843668.csv,nan
588,c_ALL_20210607135844161.csv,nan
589,c_ALL_20210607135844663.csv,nan
590,c_ALL_20210607135845159.csv,nan
591,c_ALL_20210607135845654.csv,nan
592,c_ALL_20210607135846153.csv,nan
593,c_ALL_20210607135846666.csv,nan
594,c_ALL_20210607135847154.csv,nan
595,c_ALL_20210607135847667.csv,nan
596,c_ALL_20210607135848158.csv,nan
597,c_ALL_20210607135848654.csv,nan
598,c_ALL_20210607135849159.csv,nan
599,c_ALL_20210607135849660.csv,nan
600,c_ALL_20210607135850153.csv,nan
601,c_ALL_20210607135850656.csv,nan
602,c_ALL_20210607135851159.csv,nan
603,c_ALL_20210607135851654.csv,nan
604,c_ALL_20210607135852153.csv,nan
605,c_ALL_20210607135852659.csv,nan
606,c_ALL_20210607135853154.csv,nan
607,c_ALL_20210607135853664.csv,nan
608,c_ALL_20210607135854159.csv,nan
609,c_ALL_20210607135854668.csv,nan
610,c_ALL_20210607135855157.csv,nan
611,c_ALL_20210607135855669.csv,nan
612,c_ALL_20210607135856154.csv,nan
613,c_ALL_20210607135856654.csv,nan
614,c_ALL_20210607135857153.csv,nan
615,c_ALL_20210607135857657.csv,nan
616,c_ALL_20210607135858154.csv,nan
617,c_ALL_20210607135858657.csv,nan
618,c_ALL_20210607135859160.csv,nan
619,c_ALL_20210607135859665.csv,nan
620,c_ALL_20210607135900153.csv,nan
621,c_ALL_20210607135900654.csv,nan
622,c_ALL_20210607135901159.csv,nan
623,c_ALL_20210607135901668.csv,nan
624,c_ALL_20210607135902167.csv,nan
625,c_ALL_20210607135902655.csv,nan
626,c_ALL_20210607135903153.csv,nan
627,c_ALL_20210607135903655.csv,nan
628,c_ALL_20210607135904155.csv,nan
629,c_ALL_20210607135904656.csv,nan
630,c_ALL_20210607135905153.csv,nan
631,c_ALL_20210607135905664.csv,nan
632,c_ALL_20210607135906154.csv,nan
633,c_ALL_20210607135906656.csv,nan
634,c_ALL_20210607135907154.csv,nan
635,c_ALL_20210607135907660.csv,nan
636,c_ALL_20210607135908154.csv,nan
637,c_ALL_20210607135908654.csv,nan
638,c_ALL_20210607135909154.csv,nan
639,c_ALL_20210607135909654.csv,nan
640,c_ALL_20210607135910157.csv,nan
641,c_ALL_20210607135910654.csv,nan
642,c_ALL_20210607135911153.csv,nan
643,c_ALL_20210607135911668.csv,nan
644,c_ALL_20210607135912168.csv,nan
645,c_ALL_20210607135912654.csv,nan
646,c_ALL_20210607135913154.csv,nan
647,c_ALL_20210607135913668.csv,nan
648,c_ALL_20210607135914166.csv,nan
649,c_ALL_20210607135914656.csv,nan
650,c_ALL_20210607135915155.csv,nan
651,c_ALL_20210607135915655.csv,nan
652,c_ALL_20210607135916154.csv,nan
653,c_ALL_20210607135916658.csv,nan
654,c_ALL_20210607135917153.csv,nan
655,c_ALL_20210607135917669.csv,nan
656,c_ALL_20210607135918160.csv,nan
657,c_ALL_20210607135918656.csv,nan
658,c_ALL_20210607135919155.csv,nan
659,c_ALL_20210607135919656.csv,nan
660,c_ALL_20210607135920156.csv,nan
661,c_ALL_20210607135920669.csv,nan
662,c_ALL_20210607135921170.csv,nan
663,c_ALL_20210607135921656.csv,nan
664,c_ALL_20210607135922154.csv,nan
665,c_ALL_20210607135922661.csv,nan
666,c_ALL_20210607135923161.csv,nan
667,c_ALL_20210607135923669.csv,nan
668,c_ALL_20210607135924156.csv,nan
669,c_ALL_20210607135924657.csv,nan
670,c_ALL_20210607135925155.csv,nan
671,c_ALL_20210607135925666.csv,nan
672,c_ALL_20210607135926156.csv,nan
673,c_ALL_20210607135926659.csv,nan
674,c_ALL_20210607135927154.csv,nan
675,c_ALL_20210607135927665.csv,nan
676,c_ALL_20210607135928157.csv,nan
677,c_ALL_20210607135928673.csv,nan
678,c_ALL_20210607135929163.csv,nan
679,c_ALL_20210607135929661.csv,nan
680,c_ALL_20210607135930154.csv,nan
681,c_ALL_20210607135930654.csv,nan
682,c_ALL_20210607135931154.csv,nan
683,c_ALL_20210607135931655.csv,nan
684,c_ALL_20210607135932153.csv,nan
685,c_ALL_20210607135932658.csv,nan
686,c_ALL_20210607135933159.csv,nan
687,c_ALL_20210607135933667.csv,nan
688,c_ALL_20210607135934153.csv,nan
689,c_ALL_20210607135934654.csv,nan
690,c_ALL_20210607135935155.csv,nan
691,c_ALL_20210607135935655.csv,nan
692,c_ALL_20210607135936154.csv,nan
693,c_ALL_20210607135936656.csv,nan
694,c_ALL_20210607135937155.csv,nan
695,c_ALL_20210607135937658.csv,nan
696,c_ALL_20210607135938167.csv,nan
697,c_ALL_20210607135938669.csv,nan
698,c_ALL_20210607135939168.csv,nan
699,c_ALL_20210607135939668.csv,nan
700,c_ALL_20210607135940154.csv,nan
701,c_ALL_20210607135940669.csv,nan
702,c_ALL_20210607135941164.csv,nan
703,c_ALL_20210607135941654.csv,nan
704,c_ALL_20210607135942158.csv,nan
705,c_ALL_20210607135942657.csv,nan
706,c_ALL_20210607135943159.csv,nan
707,c_ALL_20210607135943658.csv,nan
708,c_ALL_20210607135944168.csv,nan
709,c_ALL_20210607135944657.csv,nan
710,c_ALL_20210607135945159.csv,nan
711,c_ALL_20210607135945657.csv,nan
712,c_ALL_20210607135946154.csv,nan
713,c_ALL_20210607135946664.csv,nan
714,c_ALL_20210607135947154.csv,nan
715,c_ALL_20210607135947668.csv,nan
716,c_ALL_20210607135948155.csv,nan
717,c_ALL_20210607135948659.csv,nan
718,c_ALL_20210607135949161.csv,nan
719,c_ALL_20210607135949654.csv,nan
720,c_ALL_20210607135950154.csv,nan
721,c_ALL_20210607135950656.csv,nan
722,c_ALL_20210607135951154.csv,nan
723,c_ALL_20210607135951654.csv,nan
724,c_ALL_20210607135952157.csv,nan
725,c_ALL_20210607135952658.csv,nan
726,c_ALL_20210607135953154.csv,nan
727,c_ALL_20210607135953658.csv,nan
728,c_ALL_20210607135954158.csv,nan
729,c_ALL_20210607135954656.csv,nan
730,c_ALL_20210607135955154.csv,nan
731,c_ALL_20210607135955657.csv,nan
732,c_ALL_20210607135956154.csv,nan
733,c_ALL_20210607135956660.csv,nan
734,c_ALL_20210607135957154.csv,nan
735,c_ALL_20210607135957657.csv,nan
736,c_ALL_20210607135958155.csv,-14329.6875
737,c_ALL_20210607135958668.csv,nan
738,c_ALL_20210607135959167.csv,nan
739,c_ALL_20210607135959663.csv,nan
740,c_ALL_20210607140000156.csv,nan
741,c_ALL_20210607140000659.csv,nan
742,c_ALL_20210607140001154.csv,nan
743,c_ALL_20210607140001669.csv,nan
744,c_ALL_20210607140002154.csv,nan
745,c_ALL_20210607140002656.csv,nan
746,c_ALL_20210607140003158.csv,nan
747,c_ALL_20210607140003668.csv,nan
748,c_ALL_20210607140004157.csv,nan
749,c_ALL_20210607140004654.csv,nan
750,c_ALL_20210607140005154.csv,nan
751,c_ALL_20210607140005655.csv,nan
752,c_ALL_20210607140006154.csv,nan
753,c_ALL_20210607140006654.csv,nan
754,c_ALL_20210607140007154.csv,nan
755,c_ALL_20210607140007678.csv,nan
756,c_ALL_20210607140008154.csv,nan
757,c_ALL_20210607140008654.csv,nan
758,c_ALL_20210607140009153.csv,nan
759,c_ALL_20210607140009655.csv,nan
760,c_ALL_20210607140010154.csv,nan
761,c_ALL_20210607140010659.csv,nan
762,c_ALL_20210607140011154.csv,nan
763,c_ALL_20210607140011657.csv,nan
764,c_ALL_20210607140012155.csv,nan
765,c_ALL_20210607140012655.csv,nan
766,c_ALL_20210607140013154.csv,nan
767,c_ALL_20210607140013657.csv,nan
768,c_ALL_20210607140014159.csv,nan
769,c_ALL_20210607140014658.csv,nan
770,c_ALL_20210607140015158.csv,nan
771,c_ALL_20210607140015662.csv,nan
772,c_ALL_20210607140016154.csv,nan
773,c_ALL_20210607140016664.csv,nan
774,c_ALL_20210607140017158.csv,nan
775,c_ALL_20210607140017660.csv,nan
776,c_ALL_20210607140018154.csv,nan
777,c_ALL_20210607140018657.csv,nan
778,c_ALL_20210607140019157.csv,nan
779,c_ALL_20210607140019660.csv,nan
780,c_ALL_20210607140020154.csv,nan
781,c_ALL_20210607140020654.csv,nan
782,c_ALL_20210607140021158.csv,nan
783,c_ALL_20210607140021654.csv,nan
784,c_ALL_20210607140022156.csv,nan
785,c_ALL_20210607140022660.csv,nan
786,c_ALL_20210607140023154.csv,nan
787,c_ALL_20210607140023655.csv,nan
788,c_ALL_20210607140024159.csv,nan
789,c_ALL_20210607140024663.csv,nan
790,c_ALL_20210607140025159.csv,nan
791,c_ALL_20210607140025666.csv,nan
792,c_ALL_20210607140026161.csv,nan
793,c_ALL_20210607140026669.csv,nan
794,c_ALL_20210607140027155.csv,nan
795,c_ALL_20210607140027654.csv,nan
796,c_ALL_20210607140028154.csv,nan
797,c_ALL_20210607140028655.csv,nan
798,c_ALL_20210607140029159.csv,nan
799,c_ALL_20210607140029656.csv,nan
800,c_ALL_20210607140030158.csv,nan
801,c_ALL_20210607140030655.csv,nan
802,c_ALL_20210607140031156.csv,nan
803,c_ALL_20210607140031658.csv,nan
804,c_ALL_20210607140032158.csv,nan
805,c_ALL_20210607140032654.csv,nan
806,c_ALL_20210607140033159.csv,nan
807,c_ALL_20210607140033657.csv,nan
808,c_ALL_20210607140034154.csv,nan
809,c_ALL_20210607140034660.csv,nan
810,c_ALL_20210607140035154.csv,nan
811,c_ALL_20210607140035656.csv,nan
812,c_ALL_20210607140036167.csv,nan
813,c_ALL_20210607140036668.csv,nan
814,c_ALL_20210607140037157.csv,nan
815,c_ALL_20210607140037669.csv,nan
816,c_ALL_20210607140038157.csv,nan
817,c_ALL_20210607140038669.csv,nan
818,c_ALL_20210607140039156.csv,nan
819,c_ALL_20210607140039668.csv,nan
820,c_ALL_20210607140040172.csv,nan
821,c_ALL_20210607140040659.csv,nan
822,c_ALL_20210607140041154.csv,nan
823,c_ALL_20210607140041658.csv,nan
824,c_ALL_20210607140042154.csv,nan
825,c_ALL_20210607140042663.csv,nan
826,c_ALL_20210607140043155.csv,nan
827,c_ALL_20210607140043663.csv,nan
828,c_ALL_20210607140044154.csv,nan
829,c_ALL_20210607140044669.csv,nan
830,c_ALL_20210607140045158.csv,nan
831,c_ALL_20210607140045659.csv,nan
832,c_ALL_20210607140046156.csv,nan
833,c_ALL_20210607140046656.csv,nan
834,c_ALL_20210607140047154.csv,nan
835,c_ALL_20210607140047654.csv,nan
836,c_ALL_20210607140048160.csv,nan
837,c_ALL_20210607140048658.csv,nan
838,c_ALL_20210607140049158.csv,nan
839,c_ALL_20210607140049660.csv,nan
840,c_ALL_20210607140050154.csv,nan
841,c_ALL_20210607140050666.csv,nan
842,c_ALL_20210607140051154.csv,nan
843,c_ALL_20210607140051668.csv,nan
844,c_ALL_20210607140052160.csv,nan
845,c_ALL_20210607140052654.csv,nan
846,c_ALL_20210607140053158.csv,nan
847,c_ALL_20210607140053660.csv,nan
848,c_ALL_20210607140054154.csv,nan
849,c_ALL_20210607140054666.csv,nan
850,c_ALL_20210607140055168.csv,nan
851,c_ALL_20210607140055662.csv,nan
852,c_ALL_20210607140056154.csv,nan
853,c_ALL_20210607140056667.csv,nan
854,c_ALL_20210607140057165.csv,nan
855,c_ALL_20210607140057656.csv,nan
856,c_ALL_20210607140058159.csv,nan
857,c_ALL_20210607140058655.csv,nan
858,c_ALL_20210607140059156.csv,nan
859,c_ALL_20210607140059666.csv,nan
860,c_ALL_20210607140100158.csv,nan
861,c_ALL_20210607140100654.csv,nan
862,c_ALL_20210607140101154.csv,nan
863,c_ALL_20210607140101654.csv,nan
864,c_ALL_20210607140102168.csv,nan
865,c_ALL_20210607140102664.csv,nan
866,c_ALL_20210607140103156.csv,nan
867,c_ALL_20210607140103668.csv,nan
868,c_ALL_20210607140104167.csv,nan
869,c_ALL_20210607140104658.csv,nan
870,c_ALL_20210607140105156.csv,nan
871,c_ALL_20210607140105659.csv,nan
872,c_ALL_20210607140106154.csv,nan
873,c_ALL_20210607140106668.csv,nan
874,c_ALL_20210607140107154.csv,nan
875,c_ALL_20210607140107654.csv,nan
876,c_ALL_20210607140108160.csv,nan
877,c_ALL_20210607140108660.csv,nan
878,c_ALL_20210607140109165.csv,nan
879,c_ALL_20210607140109654.csv,nan
880,c_ALL_20210607140110153.csv,nan
881,c_ALL_20210607140110654.csv,nan
882,c_ALL_20210607140111158.csv,nan
883,c_ALL_20210607140111655.csv,nan
884,c_ALL_20210607140112154.csv,nan
885,c_ALL_20210607140112674.csv,nan
886,c_ALL_20210607140113155.csv,nan
887,c_ALL_20210607140113654.csv,nan
888,c_ALL_20210607140114155.csv,nan
889,c_ALL_20210607140114661.csv,nan
890,c_ALL_20210607140115159.csv,nan
891,c_ALL_20210607140115669.csv,nan
892,c_ALL_20210607140116168.csv,nan
893,c_ALL_20210607140116654.csv,nan
894,c_ALL_20210607140117156.csv,nan
895,c_ALL_20210607140117669.csv,nan
896,c_ALL_20210607140118169.csv,nan
897,c_ALL_20210607140118654.csv,nan
898,c_ALL_20210607140119158.csv,nan
899,c_ALL_20210607140119655.csv,nan
900,c_ALL_20210607140120154.csv,nan
901,c_ALL_20210607140120654.csv,nan
902,c_ALL_20210607140121158.csv,nan
903,c_ALL_20210607140121657.csv,nan
904,c_ALL_20210607140122154.csv,nan
905,c_ALL_20210607140122655.csv,nan
906,c_ALL_20210607140123155.csv,nan
907,c_ALL_20210607140123660.csv,nan
908,c_ALL_20210607140124161.csv,nan
909,c_ALL_20210607140124654.csv,nan
910,c_ALL_20210607140125159.csv,nan
911,c_ALL_20210607140125660.csv,nan
912,c_ALL_20210607140126156.csv,nan
913,c_ALL_20210607140126654.csv,nan
914,c_ALL_20210607140127155.csv,nan
915,c_ALL_20210607140127658.csv,nan
916,c_ALL_20210607140128158.csv,nan
917,c_ALL_20210607140128658.csv,nan
918,c_ALL_20210607140129159.csv,nan
919,c_ALL_20210607140129660.csv,nan
920,c_ALL_20210607140130167.csv,nan
921,c_ALL_20210607140130660.csv,nan
922,c_ALL_20210607140131156.csv,nan
923,c_ALL_20210607140131659.csv,nan
924,c_ALL_20210607140132155.csv,nan
925,c_ALL_20210607140132654.csv,nan
926,c_ALL_20210607140133154.csv,nan
927,c_ALL_20210607140133654.csv,nan
928,c_ALL_20210607140134156.csv,nan
929,c_ALL_20210607140134655.csv,nan
930,c_ALL_20210607140135160.csv,nan
931,c_ALL_20210607140135654.csv,nan
932,c_ALL_20210607140136155.csv,nan
933,c_ALL_20210607140136659.csv,nan
934,c_ALL_20210607140137156.csv,nan
935,c_ALL_20210607140137659.csv,nan
936,c_ALL_20210607140138156.csv,nan
937,c_ALL_20210607140138656.csv,nan
938,c_ALL_20210607140139154.csv,nan
939,c_ALL_20210607140139663.csv,nan
940,c_ALL_20210607140140154.csv,nan
941,c_ALL_20210607140140654.csv,nan
942,c_ALL_20210607140141162.csv,nan
943,c_ALL_20210607140141665.csv,nan
944,c_ALL_20210607140142154.csv,nan
945,c_ALL_20210607140142656.csv,nan
946,c_ALL_20210607140143156.csv,nan
947,c_ALL_20210607140143666.csv,nan
948,c_ALL_20210607140144168.csv,nan
949,c_ALL_20210607140144654.csv,nan
950,c_ALL_20210607140145155.csv,nan
951,c_ALL_20210607140145669.csv,nan
952,c_ALL_20210607140146158.csv,nan
953,c_ALL_20210607140146657.csv,nan
954,c_ALL_20210607140147154.csv,nan
955,c_ALL_20210607140147668.csv,nan
956,c_ALL_20210607140148155.csv,nan
957,c_ALL_20210607140148664.csv,nan
958,c_ALL_20210607140149155.csv,nan
959,c_ALL_20210607140149655.csv,nan
960,c_ALL_20210607140150158.csv,nan
961,c_ALL_20210607140150663.csv,nan
962,c_ALL_20210607140151153.csv,nan
963,c_ALL_20210607140151660.csv,nan
964,c_ALL_20210607140152158.csv,nan
965,c_ALL_20210607140152660.csv,nan
966,c_ALL_20210607140153155.csv,nan
967,c_ALL_20210607140153660.csv,nan
968,c_ALL_20210607140154162.csv,nan
969,c_ALL_20210607140154661.csv,nan
970,c_ALL_20210607140155163.csv,nan
971,c_ALL_20210607140155669.csv,nan
972,c_ALL_20210607140156154.csv,nan
973,c_ALL_20210607140156660.csv,nan
974,c_ALL_20210607140157158.csv,nan
975,c_ALL_20210607140157669.csv,nan
976,c_ALL_20210607140158180.csv,nan
977,c_ALL_20210607140158660.csv,nan
978,c_ALL_20210607140159154.csv,nan
979,c_ALL_20210607140159666.csv,nan
980,c_ALL_20210607140200154.csv,nan
981,c_ALL_20210607140200654.csv,nan
982,c_ALL_20210607140201154.csv,nan
983,c_ALL_20210607140201657.csv,nan
984,c_ALL_20210607140202155.csv,nan
985,c_ALL_20210607140202657.csv,nan
986,c_ALL_20210607140203159.csv,nan
987,c_ALL_20210607140203670.csv,nan
988,c_ALL_20210607140204155.csv,nan
989,c_ALL_20210607140204657.csv,nan
990,c_ALL_20210607140205157.csv,nan
991,c_ALL_20210607140205654.csv,nan
992,c_ALL_20210607140206154.csv,nan
993,c_ALL_20210607140206660.csv,nan
994,c_ALL_20210607140207154.csv,nan
995,c_ALL_20210607140207656.csv,nan
996,c_ALL_20210607140208155.csv,nan
997,c_ALL_20210607140208655.csv,nan
998,c_ALL_20210607140209156.csv,nan
999,c_ALL_20210607140209678.csv,nan
