,Filename,ReInjected_Charges
0,c_ALL_20210120121540243.csv,2.0181e-08
1,c_ALL_20210120121608906.csv,4.1295e-08
2,c_ALL_20210120121609692.csv,5.3874e-08
3,c_ALL_20210120121610493.csv,6.6512e-08
4,c_ALL_20210120121610891.csv,5.91005e-08
5,c_ALL_20210120121611292.csv,7.85005e-08
6,c_ALL_20210120121613292.csv,8.011e-08
7,c_ALL_20210120121614091.csv,5.8868e-08
8,c_ALL_20210120121614500.csv,7.774125e-08
9,c_ALL_20210120121614891.csv,6.36905e-08
10,c_ALL_20210120121615292.csv,7.47445e-08
11,c_ALL_20210120121615691.csv,6.36395e-08
12,c_ALL_20210120121616094.csv,6.4064e-08
13,c_ALL_20210120121617692.csv,8.9486e-08
14,c_ALL_20210120121619292.csv,7.11745e-08
15,c_ALL_20210120121619691.csv,7.6874e-08
16,c_ALL_20210120121620092.csv,6.3148e-08
17,c_ALL_20210120121620891.csv,5.1397e-08
18,c_ALL_20210120121621291.csv,7.64715e-08
19,c_ALL_20210120121621692.csv,6.24065e-08
20,c_ALL_20210120121623292.csv,7.3549e-08
21,c_ALL_20210120121625692.csv,5.49765e-08
22,c_ALL_20210120121627691.csv,7.6102e-08
23,c_ALL_20210120121628892.csv,5.9071e-08
24,c_ALL_20210120121629292.csv,4.9229e-08
25,c_ALL_20210120121632491.csv,7.2227e-08
26,c_ALL_20210120121632892.csv,6.4364e-08
27,c_ALL_20210120121637291.csv,9.82095e-08
28,c_ALL_20210120121638092.csv,1.11657e-07
29,c_ALL_20210120121638891.csv,6.3151e-08
30,c_ALL_20210120121639292.csv,5.6567e-08
31,c_ALL_20210120121640092.csv,7.02765e-08
32,c_ALL_20210120121640892.csv,7.237e-08
33,c_ALL_20210120121641692.csv,1.337135e-07
34,c_ALL_20210120121643691.csv,1.311265e-07
35,c_ALL_20210120121646503.csv,1.05661e-07
36,c_ALL_20210120121647704.csv,4.82695e-08
37,c_ALL_20210120121648098.csv,7.87945e-08
38,c_ALL_20210120121648893.csv,1.26518e-07
39,c_ALL_20210120121649291.csv,1.334235e-07
40,c_ALL_20210120121650092.csv,9.98705e-08
41,c_ALL_20210120121650492.csv,1.087755e-07
42,c_ALL_20210120121650893.csv,1.3148775e-07
43,c_ALL_20210120121652092.csv,1.141475e-07
44,c_ALL_20210120121653291.csv,1.04761e-07
45,c_ALL_20210120121653692.csv,1.199415e-07
46,c_ALL_20210120121654492.csv,4.02225e-08
47,c_ALL_20210120121654892.csv,5.60515e-08
48,c_ALL_20210120121655291.csv,9.6222e-08
49,c_ALL_20210120121700095.csv,7.2627e-08
50,c_ALL_20210120121701292.csv,1.177575e-07
51,c_ALL_20210120121702492.csv,1.31908e-07
52,c_ALL_20210120121703293.csv,9.81055e-08
53,c_ALL_20210120121703692.csv,1.01163e-07
54,c_ALL_20210120121704091.csv,9.601175e-08
55,c_ALL_20210120121705292.csv,1.10639e-07
56,c_ALL_20210120121705699.csv,9.220525e-08
57,c_ALL_20210120121707292.csv,1.214285e-07
58,c_ALL_20210120121708491.csv,5.34605e-08
59,c_ALL_20210120121709292.csv,1.029035e-07
60,c_ALL_20210120121709692.csv,5.076e-08
61,c_ALL_20210120121710092.csv,8.3904e-08
62,c_ALL_20210120121711692.csv,9.93575e-08
63,c_ALL_20210120121712505.csv,1.025485e-07
64,c_ALL_20210120121713295.csv,1.277725e-07
65,c_ALL_20210120121713698.csv,9.67085e-08
66,c_ALL_20210120121714493.csv,1.01293e-07
67,c_ALL_20210120121715691.csv,1.00859e-07
68,c_ALL_20210120121716098.csv,9.22375e-08
69,c_ALL_20210120121716492.csv,8.8876e-08
70,c_ALL_20210120121716895.csv,8.94695e-08
71,c_ALL_20210120121718496.csv,9.8156e-08
72,c_ALL_20210120121719292.csv,1.208365e-07
73,c_ALL_20210120121720893.csv,1.118095e-07
74,c_ALL_20210120121721291.csv,8.8427e-08
75,c_ALL_20210120121723702.csv,1.021095e-07
76,c_ALL_20210120121724491.csv,8.85725e-08
77,c_ALL_20210120121724892.csv,7.9468e-08
78,c_ALL_20210120121725692.csv,8.8011e-08
79,c_ALL_20210120121726091.csv,1.198955e-07
80,c_ALL_20210120121727297.csv,1.13879e-07
81,c_ALL_20210120121727692.csv,1.150955e-07
82,c_ALL_20210120121728092.csv,1.25239e-07
83,c_ALL_20210120121728492.csv,9.9917e-08
84,c_ALL_20210120121728892.csv,4.8917e-08
85,c_ALL_20210120121730094.csv,8.5543e-08
86,c_ALL_20210120121730493.csv,1.0183e-07
87,c_ALL_20210120121731292.csv,7.5713e-08
88,c_ALL_20210120121731692.csv,7.79065e-08
89,c_ALL_20210120121732499.csv,5.68665e-08
90,c_ALL_20210120121732892.csv,1.23188e-07
91,c_ALL_20210120121733297.csv,1.0849e-07
92,c_ALL_20210120121734492.csv,1.134325e-07
93,c_ALL_20210120121734892.csv,8.2236e-08
94,c_ALL_20210120121735292.csv,6.62065e-08
95,c_ALL_20210120121735692.csv,9.6284e-08
96,c_ALL_20210120121736493.csv,7.60165e-08
97,c_ALL_20210120121736899.csv,9.9113e-08
98,c_ALL_20210120121737292.csv,4.82865e-08
99,c_ALL_20210120121737692.csv,9.8428e-08
100,c_ALL_20210120121738891.csv,9.07125e-08
101,c_ALL_20210120121740494.csv,1.0285e-07
102,c_ALL_20210120121740897.csv,8.68605e-08
103,c_ALL_20210120121741298.csv,1.032715e-07
104,c_ALL_20210120121742897.csv,9.13765e-08
105,c_ALL_20210120121744499.csv,9.0145e-08
106,c_ALL_20210120121744893.csv,9.8348e-08
107,c_ALL_20210120121745292.csv,9.9715e-08
108,c_ALL_20210120121746892.csv,9.06895e-08
109,c_ALL_20210120121747692.csv,9.7249e-08
110,c_ALL_20210120121748094.csv,1.11319e-07
111,c_ALL_20210120121748504.csv,9.76025e-08
112,c_ALL_20210120121749692.csv,9.3741e-08
113,c_ALL_20210120121750104.csv,1.383765e-07
114,c_ALL_20210120121750898.csv,8.45295e-08
115,c_ALL_20210120121751304.csv,6.6994e-08
116,c_ALL_20210120121752092.csv,8.47405e-08
117,c_ALL_20210120121752892.csv,1.135785e-07
118,c_ALL_20210120121754092.csv,8.66985e-08
119,c_ALL_20210120121756500.csv,1.160725e-07
120,c_ALL_20210120121756892.csv,8.3645e-08
121,c_ALL_20210120121757295.csv,1.084095e-07
122,c_ALL_20210120121758092.csv,8.38735e-08
123,c_ALL_20210120121758493.csv,7.88105e-08
124,c_ALL_20210120121758892.csv,5.12495e-08
125,c_ALL_20210120121759292.csv,9.70435e-08
126,c_ALL_20210120121800492.csv,6.40155e-08
127,c_ALL_20210120121800892.csv,9.4882e-08
128,c_ALL_20210120121801292.csv,1.01037e-07
129,c_ALL_20210120121801692.csv,1.181425e-07
130,c_ALL_20210120121802498.csv,1.00776e-07
131,c_ALL_20210120121802893.csv,1.272705e-07
132,c_ALL_20210120121804503.csv,8.3602e-08
133,c_ALL_20210120121806504.csv,1.012055e-07
134,c_ALL_20210120121807297.csv,9.2376e-08
135,c_ALL_20210120121808092.csv,6.4939e-08
136,c_ALL_20210120121809698.csv,9.10695e-08
137,c_ALL_20210120121810092.csv,1.13236e-07
138,c_ALL_20210120121810500.csv,9.6238e-08
139,c_ALL_20210120121810892.csv,7.58235e-08
140,c_ALL_20210120121811296.csv,1.54628e-07
141,c_ALL_20210120121811692.csv,9.9703e-08
142,c_ALL_20210120121812492.csv,8.6995e-08
143,c_ALL_20210120121812892.csv,9.16765e-08
144,c_ALL_20210120121814896.csv,8.44095e-08
145,c_ALL_20210120121816092.csv,7.75955e-08
146,c_ALL_20210120121816904.csv,8.50375e-08
147,c_ALL_20210120121817296.csv,8.55145e-08
148,c_ALL_20210120121817692.csv,9.72595e-08
149,c_ALL_20210120121818092.csv,1.0396e-07
150,c_ALL_20210120121819292.csv,1.413585e-07
151,c_ALL_20210120121821692.csv,9.58825e-08
152,c_ALL_20210120121822494.csv,8.6193e-08
153,c_ALL_20210120121823292.csv,9.30215e-08
154,c_ALL_20210120121824092.csv,1.478285e-07
155,c_ALL_20210120121825292.csv,1.42562e-07
156,c_ALL_20210120121825692.csv,1.498055e-07
157,c_ALL_20210120121826892.csv,7.12435e-08
158,c_ALL_20210120121827693.csv,7.7663e-08
159,c_ALL_20210120121829692.csv,1.07723e-07
160,c_ALL_20210120121830091.csv,1.55371e-07
161,c_ALL_20210120121830502.csv,9.44195e-08
162,c_ALL_20210120121830897.csv,1.399945e-07
163,c_ALL_20210120121832094.csv,1.02801e-07
164,c_ALL_20210120121832493.csv,1.48634e-07
165,c_ALL_20210120121832903.csv,7.4426e-08
166,c_ALL_20210120121833297.csv,1.059115e-07
167,c_ALL_20210120121835691.csv,9.4985e-08
168,c_ALL_20210120121836092.csv,1.16601e-07
169,c_ALL_20210120121836907.csv,6.9648e-08
170,c_ALL_20210120121838501.csv,1.3262e-07
171,c_ALL_20210120121838894.csv,9.8628e-08
172,c_ALL_20210120121839295.csv,1.155745e-07
173,c_ALL_20210120121839692.csv,7.9318e-08
174,c_ALL_20210120121840498.csv,9.28945e-08
175,c_ALL_20210120121843296.csv,1.421085e-07
176,c_ALL_20210120121843697.csv,1.327325e-07
177,c_ALL_20210120121844092.csv,1.064495e-07
178,c_ALL_20210120121844495.csv,7.9432e-08
179,c_ALL_20210120121844897.csv,9.9861e-08
180,c_ALL_20210120121845692.csv,8.19965e-08
181,c_ALL_20210120121847293.csv,7.52325e-08
182,c_ALL_20210120121848496.csv,9.41365e-08
183,c_ALL_20210120121849695.csv,1.150875e-07
184,c_ALL_20210120121850092.csv,1.233655e-07
185,c_ALL_20210120121850496.csv,9.9728e-08
186,c_ALL_20210120121851293.csv,1.100885e-07
187,c_ALL_20210120121851692.csv,1.539395e-07
188,c_ALL_20210120121852097.csv,1.19669e-07
189,c_ALL_20210120121852492.csv,1.320575e-07
190,c_ALL_20210120121852892.csv,1.035665e-07
191,c_ALL_20210120121853294.csv,1.11534e-07
192,c_ALL_20210120121855292.csv,1.068415e-07
193,c_ALL_20210120121857298.csv,7.3497e-08
194,c_ALL_20210120121857692.csv,6.2227e-08
195,c_ALL_20210120121858496.csv,9.1262e-08
196,c_ALL_20210120121900094.csv,1.21199e-07
197,c_ALL_20210120121900892.csv,7.58425e-08
198,c_ALL_20210120121902892.csv,6.24215e-08
199,c_ALL_20210120121903292.csv,1.14114e-07
200,c_ALL_20210120121904092.csv,7.84835e-08
201,c_ALL_20210120121904495.csv,8.89185e-08
202,c_ALL_20210120121904892.csv,1.080945e-07
203,c_ALL_20210120121905292.csv,7.0211e-08
204,c_ALL_20210120121905692.csv,1.45047e-07
205,c_ALL_20210120121906092.csv,6.7672e-08
206,c_ALL_20210120121906493.csv,7.4199e-08
207,c_ALL_20210120121907292.csv,8.09895e-08
208,c_ALL_20210120121910095.csv,7.4157e-08
209,c_ALL_20210120121910493.csv,9.7905e-08
210,c_ALL_20210120121910893.csv,8.03115e-08
211,c_ALL_20210120121911297.csv,1.09592e-07
212,c_ALL_20210120121912092.csv,9.81415e-08
213,c_ALL_20210120121912494.csv,8.0661e-08
214,c_ALL_20210120121913305.csv,1.095515e-07
215,c_ALL_20210120121913704.csv,1.22965e-07
216,c_ALL_20210120121914895.csv,1.258695e-07
217,c_ALL_20210120121915303.csv,1.121875e-07
218,c_ALL_20210120121915692.csv,1.463515e-07
219,c_ALL_20210120121917297.csv,1.010025e-07
220,c_ALL_20210120121918092.csv,1.5837e-07
221,c_ALL_20210120121918892.csv,9.57725e-08
222,c_ALL_20210120121919292.csv,1.272215e-07
223,c_ALL_20210120121920894.csv,1.15093e-07
224,c_ALL_20210120121922495.csv,1.111235e-07
225,c_ALL_20210120121923692.csv,1.41408e-07
226,c_ALL_20210120121924092.csv,1.12466e-07
227,c_ALL_20210120121926493.csv,1.67165e-07
228,c_ALL_20210120121927298.csv,9.4931e-08
229,c_ALL_20210120121929292.csv,8.4322e-08
230,c_ALL_20210120121930092.csv,1.095615e-07
231,c_ALL_20210120121930892.csv,1.4387e-07
232,c_ALL_20210120121931292.csv,1.506405e-07
233,c_ALL_20210120121932499.csv,1.17699e-07
234,c_ALL_20210120121932897.csv,1.35736e-07
235,c_ALL_20210120121933292.csv,7.7722e-08
236,c_ALL_20210120121934493.csv,1.16388e-07
237,c_ALL_20210120121934892.csv,1.157325e-07
238,c_ALL_20210120121935292.csv,1.08257e-07
239,c_ALL_20210120121936492.csv,1.46271e-07
240,c_ALL_20210120121936902.csv,9.95605e-08
241,c_ALL_20210120121938105.csv,1.11016e-07
242,c_ALL_20210120121941693.csv,6.60895e-08
243,c_ALL_20210120121942496.csv,6.15395e-08
244,c_ALL_20210120121942892.csv,1.331355e-07
245,c_ALL_20210120121946093.csv,1.23588e-07
246,c_ALL_20210120121947297.csv,1.24002e-07
247,c_ALL_20210120121947700.csv,5.582175e-08
248,c_ALL_20210120121948504.csv,9.4133e-08
249,c_ALL_20210120121949295.csv,1.12776e-07
250,c_ALL_20210120121949692.csv,1.2314e-07
251,c_ALL_20210120121951293.csv,1.093935e-07
252,c_ALL_20210120121952492.csv,1.458755e-07
253,c_ALL_20210120121952898.csv,8.4771e-08
254,c_ALL_20210120121953292.csv,1.748425e-07
255,c_ALL_20210120121954493.csv,7.18255e-08
256,c_ALL_20210120121954893.csv,1.13174e-07
257,c_ALL_20210120121955693.csv,6.42565e-08
258,c_ALL_20210120121956093.csv,1.54859e-07
259,c_ALL_20210120121956496.csv,1.1495625e-07
260,c_ALL_20210120121956898.csv,6.92235e-08
261,c_ALL_20210120121957695.csv,5.8733e-08
262,c_ALL_20210120121958098.csv,9.6011e-08
263,c_ALL_20210120121958905.csv,1.211005e-07
264,c_ALL_20210120121959293.csv,1.732735e-07
265,c_ALL_20210120121959692.csv,1.3243175e-07
266,c_ALL_20210120122001297.csv,1.38987e-07
267,c_ALL_20210120122002099.csv,7.1993e-08
268,c_ALL_20210120122002508.csv,1.18667e-07
269,c_ALL_20210120122002901.csv,1.02026e-07
270,c_ALL_20210120122004506.csv,1.13776e-07
271,c_ALL_20210120122005693.csv,7.5132e-08
272,c_ALL_20210120122006505.csv,1.694395e-07
273,c_ALL_20210120122006893.csv,8.8321e-08
274,c_ALL_20210120122007692.csv,1.43232e-07
275,c_ALL_20210120122009693.csv,1.19493e-07
276,c_ALL_20210120122010105.csv,1.221135e-07
277,c_ALL_20210120122011698.csv,1.116445e-07
278,c_ALL_20210120122012093.csv,3.6143e-08
279,c_ALL_20210120122013698.csv,1.081855e-07
280,c_ALL_20210120122014498.csv,8.50655e-08
281,c_ALL_20210120122014898.csv,1.08341e-07
282,c_ALL_20210120122015692.csv,1.06943e-07
283,c_ALL_20210120122016497.csv,1.3602e-07
284,c_ALL_20210120122017292.csv,1.34188e-07
285,c_ALL_20210120122018092.csv,9.7436e-08
286,c_ALL_20210120122018893.csv,1.081955e-07
287,c_ALL_20210120122019293.csv,1.106995e-07
288,c_ALL_20210120122021292.csv,1.005705e-07
289,c_ALL_20210120122022497.csv,1.44205e-07
290,c_ALL_20210120122024494.csv,1.206575e-07
291,c_ALL_20210120122025293.csv,1.036245e-07
292,c_ALL_20210120122025692.csv,1.40318e-07
293,c_ALL_20210120122026497.csv,1.1668e-07
294,c_ALL_20210120122026897.csv,1.1212375e-07
295,c_ALL_20210120122027296.csv,1.94829e-07
296,c_ALL_20210120122027692.csv,1.48877e-07
297,c_ALL_20210120122028095.csv,9.8361e-08
298,c_ALL_20210120122029292.csv,1.265345e-07
299,c_ALL_20210120122029698.csv,1.419465e-07
300,c_ALL_20210120122030092.csv,1.21274e-07
301,c_ALL_20210120122030495.csv,1.205955e-07
302,c_ALL_20210120122030892.csv,1.008605e-07
303,c_ALL_20210120122031693.csv,1.0785e-07
304,c_ALL_20210120122032093.csv,7.24345e-08
305,c_ALL_20210120122032493.csv,1.408485e-07
306,c_ALL_20210120122032893.csv,1.134765e-07
307,c_ALL_20210120122033294.csv,1.03288e-07
308,c_ALL_20210120122034493.csv,7.73845e-08
309,c_ALL_20210120122035293.csv,1.04289e-07
310,c_ALL_20210120122037293.csv,4.2932e-08
311,c_ALL_20210120122039692.csv,8.08455e-08
312,c_ALL_20210120122040093.csv,8.59005e-08
313,c_ALL_20210120122042503.csv,1.10978e-07
314,c_ALL_20210120122043295.csv,7.8894e-08
315,c_ALL_20210120122044495.csv,9.26935e-08
316,c_ALL_20210120122044893.csv,7.7737e-08
317,c_ALL_20210120122046093.csv,1.62498e-07
318,c_ALL_20210120122046893.csv,1.472395e-07
319,c_ALL_20210120122047693.csv,1.69591e-07
320,c_ALL_20210120122048098.csv,1.13793e-07
321,c_ALL_20210120122048503.csv,1.44413e-07
322,c_ALL_20210120122048906.csv,1.77978e-07
323,c_ALL_20210120122049293.csv,1.302715e-07
324,c_ALL_20210120122050499.csv,1.03929e-07
325,c_ALL_20210120122051705.csv,9.6611e-08
326,c_ALL_20210120122052504.csv,1.314185e-07
327,c_ALL_20210120122052907.csv,6.4949e-08
328,c_ALL_20210120122053300.csv,7.09075e-08
329,c_ALL_20210120122054095.csv,1.4973e-07
330,c_ALL_20210120122054900.csv,8.6838e-08
331,c_ALL_20210120122055298.csv,1.14056e-07
332,c_ALL_20210120122055693.csv,7.8385e-08
333,c_ALL_20210120122056093.csv,1.211385e-07
334,c_ALL_20210120122056495.csv,1.120235e-07
335,c_ALL_20210120122057697.csv,1.34466e-07
336,c_ALL_20210120122058499.csv,1.221045e-07
337,c_ALL_20210120122058900.csv,1.108735e-07
338,c_ALL_20210120122100101.csv,1.776065e-07
339,c_ALL_20210120122100505.csv,9.93e-08
340,c_ALL_20210120122100893.csv,1.55206e-07
341,c_ALL_20210120122101300.csv,8.03255e-08
342,c_ALL_20210120122102096.csv,1.363005e-07
343,c_ALL_20210120122102896.csv,1.22153e-07
344,c_ALL_20210120122103693.csv,8.1595e-08
345,c_ALL_20210120122104493.csv,9.41855e-08
346,c_ALL_20210120122105701.csv,1.04846e-07
347,c_ALL_20210120122106505.csv,9.93475e-08
348,c_ALL_20210120122106906.csv,9.18565e-08
349,c_ALL_20210120122108898.csv,1.66236e-07
350,c_ALL_20210120122109297.csv,1.20825e-07
351,c_ALL_20210120122110097.csv,1.404945e-07
352,c_ALL_20210120122110493.csv,1.12984e-07
353,c_ALL_20210120122110892.csv,1.800155e-07
354,c_ALL_20210120122111297.csv,1.059515e-07
355,c_ALL_20210120122112093.csv,1.070895e-07
356,c_ALL_20210120122113694.csv,1.529135e-07
357,c_ALL_20210120122114093.csv,1.315245e-07
358,c_ALL_20210120122115298.csv,1.08224e-07
359,c_ALL_20210120122115692.csv,1.01566e-07
360,c_ALL_20210120122117298.csv,7.64025e-08
361,c_ALL_20210120122118097.csv,8.3922e-08
362,c_ALL_20210120122119299.csv,1.340845e-07
363,c_ALL_20210120122119693.csv,1.549665e-07
364,c_ALL_20210120122120500.csv,1.052795e-07
365,c_ALL_20210120122121693.csv,1.26883e-07
366,c_ALL_20210120122122897.csv,2.0563875e-07
367,c_ALL_20210120122124499.csv,1.414035e-07
368,c_ALL_20210120122124893.csv,1.09311e-07
369,c_ALL_20210120122125296.csv,9.56575e-08
370,c_ALL_20210120122125693.csv,1.52208e-07
371,c_ALL_20210120122126497.csv,7.2375e-08
372,c_ALL_20210120122126893.csv,1.95263e-07
373,c_ALL_20210120122127693.csv,9.2625e-08
374,c_ALL_20210120122128098.csv,1.505695e-07
375,c_ALL_20210120122128893.csv,1.061345e-07
376,c_ALL_20210120122129293.csv,1.062375e-07
377,c_ALL_20210120122130497.csv,1.239575e-07
378,c_ALL_20210120122130893.csv,1.362615e-07
379,c_ALL_20210120122132093.csv,9.3697e-08
380,c_ALL_20210120122132504.csv,1.434475e-07
381,c_ALL_20210120122134093.csv,8.91395e-08
382,c_ALL_20210120122134493.csv,9.33725e-08
383,c_ALL_20210120122136497.csv,1.6887875e-07
384,c_ALL_20210120122136898.csv,1.035005e-07
385,c_ALL_20210120122138095.csv,8.7734e-08
386,c_ALL_20210120122139693.csv,1.255715e-07
387,c_ALL_20210120122140893.csv,1.218065e-07
388,c_ALL_20210120122141693.csv,1.7547475e-07
389,c_ALL_20210120122143293.csv,1.034545e-07
390,c_ALL_20210120122143693.csv,1.50997e-07
391,c_ALL_20210120122144506.csv,1.44278e-07
392,c_ALL_20210120122144895.csv,8.9221e-08
393,c_ALL_20210120122145293.csv,1.045005e-07
394,c_ALL_20210120122146500.csv,1.58271e-07
395,c_ALL_20210120122146893.csv,6.8052e-08
396,c_ALL_20210120122148093.csv,1.63044e-07
397,c_ALL_20210120122149693.csv,1.18947e-07
398,c_ALL_20210120122150093.csv,1.003385e-07
399,c_ALL_20210120122151698.csv,2.2267175e-07
400,c_ALL_20210120122152893.csv,1.27307e-07
401,c_ALL_20210120122154493.csv,1.700405e-07
402,c_ALL_20210120122155294.csv,8.0514e-08
403,c_ALL_20210120122156093.csv,1.653195e-07
404,c_ALL_20210120122156497.csv,1.409525e-07
405,c_ALL_20210120122156894.csv,1.347935e-07
406,c_ALL_20210120122157293.csv,1.80984e-07
407,c_ALL_20210120122159293.csv,3.1386975e-07
408,c_ALL_20210120122200102.csv,1.66174e-07
409,c_ALL_20210120122200897.csv,1.0843525e-07
410,c_ALL_20210120122202102.csv,1.144645e-07
411,c_ALL_20210120122202893.csv,1.348295e-07
412,c_ALL_20210120122204094.csv,1.608535e-07
413,c_ALL_20210120122204497.csv,1.284075e-07
414,c_ALL_20210120122204894.csv,1.198155e-07
415,c_ALL_20210120122207693.csv,8.2014e-08
416,c_ALL_20210120122209293.csv,1.5364e-07
417,c_ALL_20210120122210106.csv,7.6882e-08
418,c_ALL_20210120122210494.csv,1.595565e-07
419,c_ALL_20210120122211293.csv,1.18317e-07
420,c_ALL_20210120122212094.csv,1.488595e-07
421,c_ALL_20210120122212503.csv,1.06881e-07
422,c_ALL_20210120122212895.csv,8.5977e-08
423,c_ALL_20210120122213698.csv,8.4709e-08
424,c_ALL_20210120122214503.csv,9.4609e-08
425,c_ALL_20210120122214904.csv,1.5250375e-07
426,c_ALL_20210120122216894.csv,2.366765e-07
427,c_ALL_20210120122217296.csv,1.036025e-07
428,c_ALL_20210120122217698.csv,1.303655e-07
429,c_ALL_20210120122218093.csv,1.023155e-07
430,c_ALL_20210120122218497.csv,1.8329e-07
431,c_ALL_20210120122220493.csv,1.20341e-07
432,c_ALL_20210120122220893.csv,1.613895e-07
433,c_ALL_20210120122221293.csv,9.58235e-08
434,c_ALL_20210120122222093.csv,7.6348e-08
435,c_ALL_20210120122223293.csv,9.9091e-08
436,c_ALL_20210120122224095.csv,1.166295e-07
437,c_ALL_20210120122224494.csv,1.009835e-07
438,c_ALL_20210120122224903.csv,1.132015e-07
439,c_ALL_20210120122226094.csv,9.556e-08
440,c_ALL_20210120122226893.csv,1.60049e-07
441,c_ALL_20210120122228094.csv,8.0664e-08
442,c_ALL_20210120122228507.csv,1.201e-07
443,c_ALL_20210120122228898.csv,1.09739e-07
444,c_ALL_20210120122229299.csv,1.28193e-07
445,c_ALL_20210120122229694.csv,1.216025e-07
446,c_ALL_20210120122230507.csv,1.3173e-07
447,c_ALL_20210120122231294.csv,9.7385e-08
448,c_ALL_20210120122232505.csv,1.43089e-07
449,c_ALL_20210120122232907.csv,1.529015e-07
450,c_ALL_20210120122233299.csv,1.9037925e-07
451,c_ALL_20210120122235294.csv,1.723495e-07
452,c_ALL_20210120122235699.csv,1.37729e-07
453,c_ALL_20210120122236093.csv,1.5139e-07
454,c_ALL_20210120122236499.csv,1.37567e-07
455,c_ALL_20210120122236895.csv,1.4747e-07
456,c_ALL_20210120122237693.csv,6.4442e-08
457,c_ALL_20210120122238093.csv,9.244e-08
458,c_ALL_20210120122238498.csv,1.07367e-07
459,c_ALL_20210120122238897.csv,1.199555e-07
460,c_ALL_20210120122239293.csv,8.2117e-08
461,c_ALL_20210120122239693.csv,7.3665e-08
462,c_ALL_20210120122240093.csv,1.38242e-07
463,c_ALL_20210120122241693.csv,1.12785e-07
464,c_ALL_20210120122243694.csv,1.215525e-07
465,c_ALL_20210120122244093.csv,1.14943e-07
466,c_ALL_20210120122244493.csv,2.3758475e-07
467,c_ALL_20210120122245293.csv,2.9062825e-07
468,c_ALL_20210120122246093.csv,1.014025e-07
469,c_ALL_20210120122246498.csv,1.5060075e-07
470,c_ALL_20210120122247294.csv,1.8504025e-07
471,c_ALL_20210120122247693.csv,1.2762525e-07
472,c_ALL_20210120122248094.csv,9.9283e-08
473,c_ALL_20210120122248895.csv,8.73745e-08
474,c_ALL_20210120122250093.csv,1.199855e-07
475,c_ALL_20210120122250506.csv,2.85599e-07
476,c_ALL_20210120122250893.csv,1.307835e-07
477,c_ALL_20210120122252493.csv,1.419945e-07
478,c_ALL_20210120122253693.csv,5.6276e-08
479,c_ALL_20210120122254500.csv,1.809585e-07
480,c_ALL_20210120122255693.csv,1.058335e-07
481,c_ALL_20210120122256497.csv,1.740985e-07
482,c_ALL_20210120122257304.csv,1.259575e-07
483,c_ALL_20210120122257694.csv,1.11207e-07
484,c_ALL_20210120122258093.csv,1.478045e-07
485,c_ALL_20210120122259693.csv,1.145365e-07
486,c_ALL_20210120122300093.csv,1.272095e-07
487,c_ALL_20210120122300499.csv,1.446705e-07
488,c_ALL_20210120122300894.csv,1.0578e-07
489,c_ALL_20210120122301693.csv,1.57038e-07
490,c_ALL_20210120122302500.csv,1.562165e-07
491,c_ALL_20210120122303693.csv,1.75158e-07
492,c_ALL_20210120122305694.csv,1.30756e-07
493,c_ALL_20210120122306093.csv,1.199145e-07
494,c_ALL_20210120122307693.csv,1.286585e-07
495,c_ALL_20210120122310106.csv,1.293145e-07
496,c_ALL_20210120122310508.csv,1.15725e-07
497,c_ALL_20210120122311293.csv,1.220285e-07
498,c_ALL_20210120122312505.csv,7.4294e-08
499,c_ALL_20210120122313293.csv,1.75907e-07
500,c_ALL_20210120122314093.csv,1.0956e-07
501,c_ALL_20210120122314507.csv,1.339905e-07
502,c_ALL_20210120122315294.csv,1.500275e-07
503,c_ALL_20210120122315693.csv,1.297595e-07
504,c_ALL_20210120122316900.csv,1.304525e-07
505,c_ALL_20210120122319293.csv,8.4836e-08
506,c_ALL_20210120122320493.csv,1.18246e-07
507,c_ALL_20210120122321701.csv,1.00919e-07
508,c_ALL_20210120122322093.csv,1.78997e-07
509,c_ALL_20210120122323294.csv,7.15905e-08
510,c_ALL_20210120122324094.csv,8.07295e-08
511,c_ALL_20210120122324507.csv,1.214955e-07
512,c_ALL_20210120122325699.csv,1.236595e-07
513,c_ALL_20210120122326093.csv,1.15412e-07
514,c_ALL_20210120122326894.csv,1.228265e-07
515,c_ALL_20210120122327293.csv,1.478465e-07
516,c_ALL_20210120122330106.csv,8.3079e-08
517,c_ALL_20210120122330512.csv,6.74055e-08
518,c_ALL_20210120122330896.csv,1.352155e-07
519,c_ALL_20210120122331294.csv,1.000525e-07
520,c_ALL_20210120122331693.csv,8.1483e-08
521,c_ALL_20210120122332493.csv,1.248005e-07
522,c_ALL_20210120122332894.csv,1.37873e-07
523,c_ALL_20210120122333293.csv,1.34883e-07
524,c_ALL_20210120122333694.csv,7.92915e-08
525,c_ALL_20210120122334095.csv,8.12815e-08
526,c_ALL_20210120122334893.csv,9.08775e-08
527,c_ALL_20210120122336498.csv,2.1769975e-07
528,c_ALL_20210120122337693.csv,7.010525e-08
529,c_ALL_20210120122338106.csv,4.89985e-08
530,c_ALL_20210120122338494.csv,1.49362e-07
531,c_ALL_20210120122338896.csv,1.411025e-07
532,c_ALL_20210120122339294.csv,8.8485e-08
533,c_ALL_20210120122340098.csv,5.24945e-08
534,c_ALL_20210120122340499.csv,2.5182525e-07
535,c_ALL_20210120122341298.csv,7.2254e-08
536,c_ALL_20210120122341693.csv,1.48234e-07
537,c_ALL_20210120122342894.csv,1.158845e-07
538,c_ALL_20210120122344094.csv,1.143415e-07
539,c_ALL_20210120122346100.csv,6.66695e-08
540,c_ALL_20210120122346893.csv,6.6135e-08
541,c_ALL_20210120122347301.csv,6.15395e-08
542,c_ALL_20210120122347694.csv,8.72085e-08
543,c_ALL_20210120122348897.csv,1.52613e-07
544,c_ALL_20210120122349695.csv,1.72288e-07
545,c_ALL_20210120122350093.csv,1.316775e-07
546,c_ALL_20210120122350494.csv,1.8040775e-07
547,c_ALL_20210120122350894.csv,1.306955e-07
548,c_ALL_20210120122351294.csv,1.18462e-07
549,c_ALL_20210120122352099.csv,1.178295e-07
550,c_ALL_20210120122352495.csv,1.5579175e-07
551,c_ALL_20210120122352898.csv,1.49564e-07
552,c_ALL_20210120122353293.csv,1.516995e-07
553,c_ALL_20210120122353694.csv,1.68815e-07
554,c_ALL_20210120122354093.csv,9.5821e-08
555,c_ALL_20210120122354505.csv,1.3182775e-07
556,c_ALL_20210120122355295.csv,2.37614e-07
557,c_ALL_20210120122356096.csv,1.33463e-07
558,c_ALL_20210120122356494.csv,1.170325e-07
559,c_ALL_20210120122356899.csv,9.32035e-08
560,c_ALL_20210120122357294.csv,2.703475e-07
561,c_ALL_20210120122357695.csv,9.0369e-08
562,c_ALL_20210120122358493.csv,1.41643e-07
563,c_ALL_20210120122359294.csv,1.275935e-07
564,c_ALL_20210120122359694.csv,1.642325e-07
565,c_ALL_20210120122400503.csv,1.241965e-07
566,c_ALL_20210120122401695.csv,2.031655e-07
567,c_ALL_20210120122403299.csv,1.383005e-07
568,c_ALL_20210120122403694.csv,1.079895e-07
569,c_ALL_20210120122404094.csv,9.38225e-08
570,c_ALL_20210120122404495.csv,1.6285775e-07
571,c_ALL_20210120122404893.csv,1.2327275e-07
572,c_ALL_20210120122405294.csv,8.69965e-08
573,c_ALL_20210120122406494.csv,1.4507e-07
574,c_ALL_20210120122406898.csv,9.0412e-08
575,c_ALL_20210120122407297.csv,1.47126e-07
576,c_ALL_20210120122407693.csv,1.64596e-07
577,c_ALL_20210120122408094.csv,1.4992475e-07
578,c_ALL_20210120122408494.csv,9.3946e-08
579,c_ALL_20210120122410093.csv,1.81539e-07
580,c_ALL_20210120122410495.csv,1.53792e-07
581,c_ALL_20210120122411294.csv,1.07163e-07
582,c_ALL_20210120122412095.csv,9.0155e-08
583,c_ALL_20210120122413695.csv,2.1901775e-07
584,c_ALL_20210120122414094.csv,1.446585e-07
585,c_ALL_20210120122414893.csv,1.00006e-07
586,c_ALL_20210120122416094.csv,1.9835775e-07
587,c_ALL_20210120122417295.csv,1.36073e-07
588,c_ALL_20210120122417694.csv,1.386045e-07
589,c_ALL_20210120122418093.csv,1.27567e-07
590,c_ALL_20210120122418496.csv,7.864e-08
591,c_ALL_20210120122419294.csv,8.05285e-08
592,c_ALL_20210120122420497.csv,1.0841e-07
593,c_ALL_20210120122420894.csv,2.6209225e-07
594,c_ALL_20210120122422895.csv,1.030495e-07
595,c_ALL_20210120122424899.csv,1.278645e-07
596,c_ALL_20210120122425699.csv,1.508915e-07
597,c_ALL_20210120122426094.csv,1.625145e-07
598,c_ALL_20210120122426894.csv,1.522565e-07
599,c_ALL_20210120122427294.csv,2.82684e-07
600,c_ALL_20210120122428094.csv,1.254755e-07
601,c_ALL_20210120122431297.csv,2.135805e-07
602,c_ALL_20210120122431698.csv,2.653245e-07
603,c_ALL_20210120122432494.csv,1.085275e-07
604,c_ALL_20210120122433296.csv,1.0892125e-07
605,c_ALL_20210120122433695.csv,2.22157e-07
606,c_ALL_20210120122435694.csv,9.69575e-08
607,c_ALL_20210120122436094.csv,1.323285e-07
608,c_ALL_20210120122437694.csv,2.28502e-07
609,c_ALL_20210120122438094.csv,1.173245e-07
610,c_ALL_20210120122439294.csv,1.4026725e-07
611,c_ALL_20210120122440494.csv,1.08761e-07
612,c_ALL_20210120122440894.csv,1.066505e-07
613,c_ALL_20210120122442094.csv,1.07714e-07
614,c_ALL_20210120122442494.csv,1.69271e-07
615,c_ALL_20210120122445294.csv,1.8671025e-07
616,c_ALL_20210120122445703.csv,1.425815e-07
617,c_ALL_20210120122446894.csv,1.9460175e-07
618,c_ALL_20210120122447294.csv,1.521805e-07
619,c_ALL_20210120122451294.csv,1.4087025e-07
620,c_ALL_20210120122451694.csv,1.229255e-07
621,c_ALL_20210120122452094.csv,1.301605e-07
622,c_ALL_20210120122452895.csv,1.189765e-07
623,c_ALL_20210120122453294.csv,1.370355e-07
624,c_ALL_20210120122453698.csv,1.190115e-07
625,c_ALL_20210120122454495.csv,7.31725e-08
626,c_ALL_20210120122455296.csv,9.89015e-08
627,c_ALL_20210120122455694.csv,1.03516e-07
628,c_ALL_20210120122456494.csv,1.308595e-07
629,c_ALL_20210120122456894.csv,2.25828e-07
630,c_ALL_20210120122457694.csv,1.911865e-07
631,c_ALL_20210120122458098.csv,6.3082e-08
632,c_ALL_20210120122458496.csv,7.7604e-08
633,c_ALL_20210120122459296.csv,1.298455e-07
634,c_ALL_20210120122502495.csv,7.8393e-08
635,c_ALL_20210120122502894.csv,8.36285e-08
636,c_ALL_20210120122503294.csv,8.7826e-08
637,c_ALL_20210120122504103.csv,1.27455e-07
638,c_ALL_20210120122504897.csv,7.0489e-08
639,c_ALL_20210120122505293.csv,8.9108e-08
640,c_ALL_20210120122505694.csv,9.5539e-08
641,c_ALL_20210120122506494.csv,7.8171e-08
642,c_ALL_20210120122506904.csv,6.98115e-08
643,c_ALL_20210120122507298.csv,6.9154e-08
644,c_ALL_20210120122507694.csv,9.8663e-08
645,c_ALL_20210120122508096.csv,1.421505e-07
646,c_ALL_20210120122509294.csv,9.92775e-08
647,c_ALL_20210120122510498.csv,1.006395e-07
648,c_ALL_20210120122511294.csv,2.88668e-07
649,c_ALL_20210120122512497.csv,7.7279e-08
650,c_ALL_20210120122514093.csv,6.05375e-08
651,c_ALL_20210120122514903.csv,2.5246975e-07
652,c_ALL_20210120122515297.csv,1.070845e-07
653,c_ALL_20210120122515696.csv,9.59525e-08
654,c_ALL_20210120122517694.csv,1.110795e-07
655,c_ALL_20210120122518094.csv,1.25171e-07
656,c_ALL_20210120122519695.csv,1.25341e-07
657,c_ALL_20210120122520503.csv,1.11786e-07
658,c_ALL_20210120122520898.csv,1.903465e-07
659,c_ALL_20210120122521296.csv,1.26463e-07
660,c_ALL_20210120122521698.csv,1.551025e-07
661,c_ALL_20210120122524494.csv,1.0985775e-07
662,c_ALL_20210120122524906.csv,1.7015775e-07
663,c_ALL_20210120122526500.csv,8.7947e-08
664,c_ALL_20210120122526893.csv,7.48225e-08
665,c_ALL_20210120122528501.csv,1.640525e-07
666,c_ALL_20210120122530895.csv,1.63982e-07
667,c_ALL_20210120122531294.csv,9.7677e-08
668,c_ALL_20210120122531693.csv,2.099905e-07
669,c_ALL_20210120122532506.csv,1.365655e-07
670,c_ALL_20210120122534494.csv,1.295265e-07
671,c_ALL_20210120122535299.csv,1.5583e-07
672,c_ALL_20210120122536094.csv,1.31767e-07
673,c_ALL_20210120122536495.csv,1.547435e-07
674,c_ALL_20210120122536894.csv,1.57794e-07
675,c_ALL_20210120122537696.csv,1.12106e-07
676,c_ALL_20210120122538094.csv,1.24037e-07
677,c_ALL_20210120122538497.csv,1.084875e-07
678,c_ALL_20210120122539294.csv,9.6117e-08
679,c_ALL_20210120122540503.csv,1.0839725e-07
680,c_ALL_20210120122540899.csv,1.314425e-07
681,c_ALL_20210120122542098.csv,8.26965e-08
682,c_ALL_20210120122545700.csv,2.32531e-07
683,c_ALL_20210120122546094.csv,1.8063125e-07
684,c_ALL_20210120122546895.csv,1.7231575e-07
685,c_ALL_20210120122547694.csv,1.8795175e-07
686,c_ALL_20210120122549294.csv,2.376405e-07
687,c_ALL_20210120122550094.csv,1.690875e-07
688,c_ALL_20210120122550900.csv,7.13625e-08
689,c_ALL_20210120122552094.csv,1.60623e-07
690,c_ALL_20210120122552894.csv,1.08087e-07
691,c_ALL_20210120122553298.csv,7.20685e-08
692,c_ALL_20210120122555294.csv,7.943e-08
693,c_ALL_20210120122556095.csv,1.114915e-07
694,c_ALL_20210120122557295.csv,4.36065e-08
695,c_ALL_20210120122600108.csv,5.90435e-08
696,c_ALL_20210120122601298.csv,1.38447e-07
697,c_ALL_20210120122602894.csv,1.8049325e-07
698,c_ALL_20210120122603699.csv,1.523145e-07
699,c_ALL_20210120122604094.csv,2.9857e-07
700,c_ALL_20210120122604495.csv,3.53959e-07
701,c_ALL_20210120122605295.csv,7.12925e-08
702,c_ALL_20210120122605694.csv,1.074705e-07
703,c_ALL_20210120122606496.csv,9.116e-08
704,c_ALL_20210120122606894.csv,1.26428e-07
705,c_ALL_20210120122607294.csv,1.7282175e-07
706,c_ALL_20210120122608899.csv,1.25762e-07
707,c_ALL_20210120122609294.csv,1.3768175e-07
708,c_ALL_20210120122610097.csv,1.18381e-07
709,c_ALL_20210120122610496.csv,2.12724e-07
710,c_ALL_20210120122611294.csv,1.144975e-07
711,c_ALL_20210120122611694.csv,1.247325e-07
712,c_ALL_20210120122612494.csv,1.21266e-07
713,c_ALL_20210120122613294.csv,1.05436e-07
714,c_ALL_20210120122613694.csv,2.745285e-07
715,c_ALL_20210120122614894.csv,2.4159175e-07
716,c_ALL_20210120122615699.csv,2.395595e-07
717,c_ALL_20210120122616094.csv,2.37942e-07
718,c_ALL_20210120122616895.csv,8.73665e-08
719,c_ALL_20210120122617694.csv,1.5149325e-07
720,c_ALL_20210120122618098.csv,1.415775e-07
721,c_ALL_20210120122618894.csv,1.9868725e-07
722,c_ALL_20210120122619698.csv,8.4642e-08
723,c_ALL_20210120122620099.csv,3.8035875e-07
724,c_ALL_20210120122620495.csv,1.099385e-07
725,c_ALL_20210120122620896.csv,1.258265e-07
726,c_ALL_20210120122621294.csv,1.10603e-07
727,c_ALL_20210120122622097.csv,1.52978e-07
728,c_ALL_20210120122624900.csv,2.14249e-07
729,c_ALL_20210120122626496.csv,2.0488075e-07
730,c_ALL_20210120122627307.csv,1.209995e-07
731,c_ALL_20210120122627694.csv,1.362975e-07
732,c_ALL_20210120122628094.csv,2.538115e-07
733,c_ALL_20210120122628495.csv,1.6999975e-07
734,c_ALL_20210120122630495.csv,8.8955e-08
735,c_ALL_20210120122630895.csv,1.4560625e-07
736,c_ALL_20210120122632895.csv,1.0943475e-07
737,c_ALL_20210120122633294.csv,1.44249e-07
738,c_ALL_20210120122636495.csv,1.49782e-07
739,c_ALL_20210120122637294.csv,1.66654e-07
740,c_ALL_20210120122637700.csv,3.93327e-07
741,c_ALL_20210120122638495.csv,9.45875e-08
742,c_ALL_20210120122639694.csv,1.7478125e-07
743,c_ALL_20210120122640106.csv,6.561e-08
744,c_ALL_20210120122640899.csv,8.64625e-08
745,c_ALL_20210120122641696.csv,9.84375e-08
746,c_ALL_20210120122642900.csv,2.99421e-07
747,c_ALL_20210120122643301.csv,1.49074e-07
748,c_ALL_20210120122644495.csv,9.9216e-08
749,c_ALL_20210120122645695.csv,1.2096625e-07
750,c_ALL_20210120122646094.csv,1.23142e-07
751,c_ALL_20210120122648097.csv,1.08737e-07
752,c_ALL_20210120122648494.csv,1.50203e-07
753,c_ALL_20210120122649696.csv,1.751305e-07
754,c_ALL_20210120122651296.csv,1.10509e-07
755,c_ALL_20210120122651695.csv,1.11989e-07
756,c_ALL_20210120122652495.csv,1.5952475e-07
757,c_ALL_20210120122653295.csv,1.604205e-07
758,c_ALL_20210120122654094.csv,1.500435e-07
759,c_ALL_20210120122654508.csv,2.3835075e-07
760,c_ALL_20210120122654896.csv,1.392985e-07
761,c_ALL_20210120122655294.csv,3.127935e-07
762,c_ALL_20210120122655694.csv,1.983545e-07
763,c_ALL_20210120122656895.csv,1.12681e-07
764,c_ALL_20210120122658096.csv,1.871335e-07
765,c_ALL_20210120122659294.csv,1.120935e-07
766,c_ALL_20210120122659695.csv,1.60557e-07
767,c_ALL_20210120122700094.csv,1.513905e-07
768,c_ALL_20210120122700494.csv,2.6667975e-07
769,c_ALL_20210120122700894.csv,2.02659e-07
770,c_ALL_20210120122701299.csv,2.32369e-07
771,c_ALL_20210120122701694.csv,9.8444e-08
772,c_ALL_20210120122702099.csv,1.0005325e-07
773,c_ALL_20210120122704096.csv,2.1052175e-07
774,c_ALL_20210120122704496.csv,1.902775e-07
775,c_ALL_20210120122704899.csv,8.44295e-08
776,c_ALL_20210120122706095.csv,1.3195525e-07
777,c_ALL_20210120122706895.csv,9.845e-08
778,c_ALL_20210120122707295.csv,2.144885e-07
779,c_ALL_20210120122708096.csv,1.3405e-07
780,c_ALL_20210120122709695.csv,9.57885e-08
781,c_ALL_20210120122710897.csv,5.38155e-08
782,c_ALL_20210120122711308.csv,7.8988e-08
783,c_ALL_20210120122711703.csv,1.00887e-07
784,c_ALL_20210120122712095.csv,7.3088e-08
785,c_ALL_20210120122712895.csv,1.332055e-07
786,c_ALL_20210120122713695.csv,1.54548e-07
787,c_ALL_20210120122714496.csv,8.70955e-08
788,c_ALL_20210120122715695.csv,3.92105e-08
789,c_ALL_20210120122716495.csv,8.9636e-08
790,c_ALL_20210120122717696.csv,1.318235e-07
791,c_ALL_20210120122718096.csv,2.26219e-07
792,c_ALL_20210120122718897.csv,1.3788075e-07
793,c_ALL_20210120122719694.csv,9.73945e-08
794,c_ALL_20210120122720494.csv,5.32545e-08
795,c_ALL_20210120122720894.csv,2.41213e-07
796,c_ALL_20210120122722097.csv,1.0521125e-07
797,c_ALL_20210120122724516.csv,1.557495e-07
798,c_ALL_20210120122724900.csv,1.5013225e-07
799,c_ALL_20210120122725297.csv,2.4445775e-07
800,c_ALL_20210120122725697.csv,1.65529e-07
801,c_ALL_20210120122727695.csv,1.9900325e-07
802,c_ALL_20210120122728095.csv,3.0796675e-07
803,c_ALL_20210120122728894.csv,2.9717975e-07
804,c_ALL_20210120122729294.csv,1.927195e-07
805,c_ALL_20210120122729695.csv,2.5462175e-07
806,c_ALL_20210120122730495.csv,2.1220125e-07
807,c_ALL_20210120122730896.csv,2.5841175e-07
808,c_ALL_20210120122733296.csv,1.43748e-07
809,c_ALL_20210120122733695.csv,9.0799e-08
810,c_ALL_20210120122734495.csv,1.6345025e-07
811,c_ALL_20210120122734895.csv,1.819905e-07
812,c_ALL_20210120122735294.csv,2.76462e-07
813,c_ALL_20210120122736096.csv,2.31297e-07
814,c_ALL_20210120122736894.csv,2.721545e-07
815,c_ALL_20210120122738094.csv,2.961775e-07
816,c_ALL_20210120122738496.csv,2.98768e-07
817,c_ALL_20210120122740095.csv,1.2616025e-07
818,c_ALL_20210120122740496.csv,2.130415e-07
819,c_ALL_20210120122740894.csv,3.31936e-07
820,c_ALL_20210120122741294.csv,9.8341e-08
821,c_ALL_20210120122742095.csv,1.257355e-07
822,c_ALL_20210120122742496.csv,3.7611425e-07
823,c_ALL_20210120122743295.csv,2.8589325e-07
824,c_ALL_20210120122745295.csv,7.78915e-08
825,c_ALL_20210120122745695.csv,9.7758e-08
826,c_ALL_20210120122746095.csv,2.17759e-07
827,c_ALL_20210120122747295.csv,1.74854e-07
828,c_ALL_20210120122748495.csv,1.307865e-07
829,c_ALL_20210120122748895.csv,1.005445e-07
830,c_ALL_20210120122750895.csv,2.899775e-07
831,c_ALL_20210120122751295.csv,3.2799475e-07
832,c_ALL_20210120122751694.csv,9.6332e-08
833,c_ALL_20210120122752095.csv,7.9368e-08
834,c_ALL_20210120122752494.csv,2.661225e-07
835,c_ALL_20210120122753294.csv,7.28165e-08
836,c_ALL_20210120122753695.csv,1.158705e-07
837,c_ALL_20210120122754102.csv,1.9585e-07
838,c_ALL_20210120122754506.csv,1.670005e-07
839,c_ALL_20210120122756095.csv,1.7845425e-07
840,c_ALL_20210120122756496.csv,8.14005e-08
841,c_ALL_20210120122758094.csv,1.125545e-07
842,c_ALL_20210120122758894.csv,2.35605e-07
843,c_ALL_20210120122759297.csv,1.5638775e-07
844,c_ALL_20210120122800095.csv,2.09798e-07
845,c_ALL_20210120122800496.csv,2.4147275e-07
846,c_ALL_20210120122803299.csv,2.0878875e-07
847,c_ALL_20210120122804095.csv,1.951695e-07
848,c_ALL_20210120122804497.csv,1.64779e-07
849,c_ALL_20210120122806099.csv,9.5181e-08
850,c_ALL_20210120122806895.csv,2.034535e-07
851,c_ALL_20210120122808095.csv,1.6153e-07
852,c_ALL_20210120122808494.csv,2.24934e-07
853,c_ALL_20210120122810497.csv,3.2669825e-07
854,c_ALL_20210120122810894.csv,1.99269e-07
855,c_ALL_20210120122811695.csv,3.23342e-07
856,c_ALL_20210120122814498.csv,1.108435e-07
857,c_ALL_20210120122814895.csv,6.9499625e-07
858,c_ALL_20210120122816499.csv,2.8984325e-07
859,c_ALL_20210120122816895.csv,1.296355e-07
860,c_ALL_20210120122817296.csv,1.8134175e-07
861,c_ALL_20210120122818499.csv,1.432805e-07
862,c_ALL_20210120122818895.csv,1.8955725e-07
863,c_ALL_20210120122820095.csv,7.820825e-08
864,c_ALL_20210120122821294.csv,3.7106675e-07
865,c_ALL_20210120122822094.csv,1.134305e-07
866,c_ALL_20210120122822895.csv,1.059295e-07
867,c_ALL_20210120122824095.csv,9.21545e-08
868,c_ALL_20210120122824498.csv,3.0484525e-07
869,c_ALL_20210120122826094.csv,1.91353e-07
870,c_ALL_20210120122826497.csv,2.3899e-07
871,c_ALL_20210120122826897.csv,1.46924e-07
872,c_ALL_20210120122827295.csv,1.435265e-07
873,c_ALL_20210120122828095.csv,7.9526e-08
874,c_ALL_20210120122828495.csv,2.7893e-07
875,c_ALL_20210120122828900.csv,6.89445e-08
876,c_ALL_20210120122830498.csv,1.07382e-07
877,c_ALL_20210120122831295.csv,3.4658075e-07
878,c_ALL_20210120122831695.csv,2.33903e-07
879,c_ALL_20210120122832495.csv,2.0243e-08
880,c_ALL_20210120122833294.csv,4.115095e-07
881,c_ALL_20210120122833700.csv,2.019195e-07
882,c_ALL_20210120122835298.csv,1.46492e-07
883,c_ALL_20210120122836497.csv,2.5484125e-07
884,c_ALL_20210120122836897.csv,1.482165e-07
885,c_ALL_20210120122837296.csv,1.256905e-07
886,c_ALL_20210120122837695.csv,1.8631325e-07
887,c_ALL_20210120122838495.csv,2.920145e-07
888,c_ALL_20210120122839297.csv,1.501985e-07
889,c_ALL_20210120122842500.csv,2.0398e-07
890,c_ALL_20210120122843294.csv,2.44547e-07
891,c_ALL_20210120122844896.csv,1.9051575e-07
892,c_ALL_20210120122846496.csv,2.823495e-07
893,c_ALL_20210120122847295.csv,3.18203e-07
894,c_ALL_20210120122848101.csv,8.6549e-08
895,c_ALL_20210120122849295.csv,1.5482875e-07
896,c_ALL_20210120122849695.csv,7.99735e-08
897,c_ALL_20210120122850498.csv,1.023715e-07
898,c_ALL_20210120122850895.csv,1.67368e-07
899,c_ALL_20210120122852897.csv,2.2658575e-07
900,c_ALL_20210120122855696.csv,3.285895e-07
901,c_ALL_20210120122856495.csv,4.4728e-08
902,c_ALL_20210120122856895.csv,1.358695e-07
903,c_ALL_20210120122857698.csv,1.457515e-07
904,c_ALL_20210120122858097.csv,2.7675075e-07
905,c_ALL_20210120122859306.csv,1.07983e-07
906,c_ALL_20210120122859695.csv,1.02473e-07
907,c_ALL_20210120122900095.csv,1.24587e-07
908,c_ALL_20210120122900495.csv,3.097605e-07
909,c_ALL_20210120122902098.csv,6.17555e-08
910,c_ALL_20210120122902495.csv,3.65739e-07
911,c_ALL_20210120122902895.csv,2.6921225e-07
912,c_ALL_20210120122903695.csv,1.95714e-07
913,c_ALL_20210120122904495.csv,3.2026325e-07
914,c_ALL_20210120122904895.csv,1.119915e-07
915,c_ALL_20210120122906498.csv,2.55933e-07
916,c_ALL_20210120122908095.csv,3.0360825e-07
917,c_ALL_20210120122908496.csv,1.4014175e-07
918,c_ALL_20210120122909695.csv,3.624205e-07
919,c_ALL_20210120122910895.csv,1.563735e-07
920,c_ALL_20210120122911695.csv,8.2060275e-07
921,c_ALL_20210120122912097.csv,4.337215e-07
922,c_ALL_20210120122912895.csv,1.149165e-07
923,c_ALL_20210120122913297.csv,5.1052825e-07
924,c_ALL_20210120122913696.csv,5.9604e-08
925,c_ALL_20210120122914895.csv,1.8187725e-07
926,c_ALL_20210120122915695.csv,1.375725e-07
927,c_ALL_20210120122916098.csv,1.3708025e-07
928,c_ALL_20210120122916494.csv,2.08743e-07
929,c_ALL_20210120122918095.csv,2.3472e-07
930,c_ALL_20210120122918496.csv,2.78461e-07
931,c_ALL_20210120122919695.csv,5.0746775e-07
932,c_ALL_20210120122920504.csv,1.99158e-07
933,c_ALL_20210120122920901.csv,4.8508425e-07
934,c_ALL_20210120122922095.csv,5.0940375e-07
935,c_ALL_20210120122922496.csv,2.7205125e-07
936,c_ALL_20210120122923295.csv,1.600125e-07
937,c_ALL_20210120122923697.csv,1.105405e-07
938,c_ALL_20210120122924495.csv,1.15787e-07
939,c_ALL_20210120122924895.csv,1.7337075e-07
940,c_ALL_20210120122926095.csv,8.97115e-08
941,c_ALL_20210120122926895.csv,2.31485e-07
942,c_ALL_20210120122928501.csv,1.5454275e-07
943,c_ALL_20210120122928895.csv,5.66527e-07
944,c_ALL_20210120122932494.csv,1.03775e-07
945,c_ALL_20210120122933707.csv,1.2292775e-07
946,c_ALL_20210120122934095.csv,1.21135e-07
947,c_ALL_20210120122934895.csv,1.541925e-07
948,c_ALL_20210120122935695.csv,2.63658e-07
949,c_ALL_20210120122937298.csv,2.04227e-07
950,c_ALL_20210120122937696.csv,1.9037875e-07
951,c_ALL_20210120122939299.csv,2.8647925e-07
952,c_ALL_20210120122939700.csv,2.37785e-07
953,c_ALL_20210120122940495.csv,2.4655725e-07
954,c_ALL_20210120122941695.csv,2.067385e-07
955,c_ALL_20210120122942095.csv,2.2724725e-07
956,c_ALL_20210120122942496.csv,1.31112e-07
957,c_ALL_20210120122942898.csv,2.809375e-07
958,c_ALL_20210120122943295.csv,5.0161175e-07
959,c_ALL_20210120122943695.csv,1.25673e-07
960,c_ALL_20210120122944495.csv,1.698195e-07
961,c_ALL_20210120122944901.csv,2.078115e-07
962,c_ALL_20210120122945698.csv,3.098655e-07
963,c_ALL_20210120122947695.csv,1.26402e-07
964,c_ALL_20210120122950495.csv,1.03247e-07
965,c_ALL_20210120122950896.csv,2.1144225e-07
966,c_ALL_20210120122952095.csv,1.764805e-07
967,c_ALL_20210120122952495.csv,1.103745e-07
968,c_ALL_20210120122952896.csv,1.0780625e-07
969,c_ALL_20210120122954895.csv,1.55731e-07
970,c_ALL_20210120122956895.csv,1.182595e-07
971,c_ALL_20210120122957295.csv,4.8167e-07
972,c_ALL_20210120122957700.csv,1.71988e-07
973,c_ALL_20210120122958495.csv,3.4980775e-07
974,c_ALL_20210120122959304.csv,6.43991e-07
975,c_ALL_20210120122959695.csv,8.7989025e-07
976,c_ALL_20210120123000499.csv,1.217595e-07
977,c_ALL_20210120123001295.csv,2.82683e-07
978,c_ALL_20210120123002097.csv,2.113265e-07
979,c_ALL_20210120123004095.csv,1.288955e-07
980,c_ALL_20210120123004506.csv,2.968815e-07
981,c_ALL_20210120123004901.csv,1.8431575e-07
982,c_ALL_20210120123005696.csv,3.297975e-07
983,c_ALL_20210120123007695.csv,1.41376e-07
984,c_ALL_20210120123009295.csv,1.3806e-07
985,c_ALL_20210120123011295.csv,1.36129e-07
986,c_ALL_20210120123012495.csv,9.85925e-08
987,c_ALL_20210120123012896.csv,7.1762e-08
988,c_ALL_20210120123013298.csv,4.586485e-07
989,c_ALL_20210120123014898.csv,1.7254725e-07
990,c_ALL_20210120123015695.csv,2.656495e-07
991,c_ALL_20210120123017295.csv,9.74735e-08
992,c_ALL_20210120123018095.csv,1.26563e-07
993,c_ALL_20210120123018895.csv,3.326415e-07
994,c_ALL_20210120123019696.csv,1.4602175e-07
995,c_ALL_20210120123020097.csv,2.67394e-07
996,c_ALL_20210120123020495.csv,2.6977825e-07
997,c_ALL_20210120123021707.csv,2.9791325e-07
998,c_ALL_20210120123022095.csv,3.8443425e-07
999,c_ALL_20210120123022496.csv,2.9589425e-07
1000,c_ALL_20210120123023296.csv,7.27199e-07
1001,c_ALL_20210120123024095.csv,1.323185e-07
1002,c_ALL_20210120123024495.csv,1.33426e-07
1003,c_ALL_20210120123024899.csv,1.7041325e-07
1004,c_ALL_20210120123025695.csv,1.2361375e-07
1005,c_ALL_20210120123026095.csv,2.6282975e-07
1006,c_ALL_20210120123026502.csv,2.2699425e-07
1007,c_ALL_20210120123027695.csv,9.93925e-08
1008,c_ALL_20210120123028895.csv,2.16866e-07
1009,c_ALL_20210120123030096.csv,1.29319e-07
1010,c_ALL_20210120123030896.csv,2.8017875e-07
1011,c_ALL_20210120123031299.csv,4.17712e-07
1012,c_ALL_20210120123032099.csv,2.1713925e-07
1013,c_ALL_20210120123033296.csv,4.43708e-07
1014,c_ALL_20210120123036096.csv,2.486e-07
1015,c_ALL_20210120123036904.csv,2.8285675e-07
1016,c_ALL_20210120123038507.csv,1.926e-07
1017,c_ALL_20210120123038897.csv,1.7459575e-07
1018,c_ALL_20210120123040496.csv,1.1603875e-07
1019,c_ALL_20210120123042099.csv,1.7927725e-07
1020,c_ALL_20210120123043299.csv,1.9701975e-07
1021,c_ALL_20210120123043699.csv,8.4998175e-07
1022,c_ALL_20210120123045299.csv,2.16212e-07
1023,c_ALL_20210120123046899.csv,1.83444e-07
1024,c_ALL_20210120123047298.csv,2.05388e-07
1025,c_ALL_20210120123047696.csv,2.7456475e-07
1026,c_ALL_20210120123048496.csv,4.1008975e-07
1027,c_ALL_20210120123048896.csv,3.035055e-07
1028,c_ALL_20210120123049696.csv,1.2898075e-07
1029,c_ALL_20210120123050896.csv,1.43193e-07
1030,c_ALL_20210120123051296.csv,1.8264175e-07
1031,c_ALL_20210120123051695.csv,3.2504825e-07
1032,c_ALL_20210120123052095.csv,4.8660925e-07
1033,c_ALL_20210120123052496.csv,1.96361e-07
1034,c_ALL_20210120123053695.csv,6.874045e-07
1035,c_ALL_20210120123054499.csv,3.2249775e-07
1036,c_ALL_20210120123055296.csv,1.022325e-07
1037,c_ALL_20210120123055696.csv,2.559495e-07
1038,c_ALL_20210120123056895.csv,3.319745e-07
1039,c_ALL_20210120123057296.csv,2.496895e-07
1040,c_ALL_20210120123057703.csv,4.57831e-07
1041,c_ALL_20210120123058095.csv,2.366805e-07
1042,c_ALL_20210120123058496.csv,2.309535e-07
1043,c_ALL_20210120123058896.csv,2.315565e-07
1044,c_ALL_20210120123059696.csv,2.3491e-07
1045,c_ALL_20210120123100099.csv,2.39583e-07
1046,c_ALL_20210120123100496.csv,3.948385e-07
1047,c_ALL_20210120123101297.csv,2.541715e-07
1048,c_ALL_20210120123102496.csv,1.8843625e-07
1049,c_ALL_20210120123103299.csv,4.5731025e-07
1050,c_ALL_20210120123103696.csv,6.541635e-07
1051,c_ALL_20210120123104095.csv,2.811815e-07
1052,c_ALL_20210120123104497.csv,2.50358e-07
1053,c_ALL_20210120123104899.csv,1.83528e-07
1054,c_ALL_20210120123105698.csv,2.9941975e-07
1055,c_ALL_20210120123106096.csv,9.9999e-08
1056,c_ALL_20210120123107295.csv,2.51713e-07
1057,c_ALL_20210120123109695.csv,1.208655e-07
1058,c_ALL_20210120123110096.csv,3.043835e-07
1059,c_ALL_20210120123111296.csv,1.71404e-07
1060,c_ALL_20210120123112496.csv,1.186735e-07
1061,c_ALL_20210120123112899.csv,1.6520325e-07
1062,c_ALL_20210120123113306.csv,2.86546e-07
1063,c_ALL_20210120123113701.csv,1.65379e-07
1064,c_ALL_20210120123114096.csv,2.830455e-07
1065,c_ALL_20210120123114496.csv,1.95735e-07
1066,c_ALL_20210120123114896.csv,1.7986475e-07
1067,c_ALL_20210120123115701.csv,1.4189275e-07
1068,c_ALL_20210120123116096.csv,1.4494025e-07
1069,c_ALL_20210120123116496.csv,2.5467575e-07
1070,c_ALL_20210120123117696.csv,9.14315e-08
1071,c_ALL_20210120123118497.csv,1.40029e-07
1072,c_ALL_20210120123119296.csv,2.5826225e-07
1073,c_ALL_20210120123120096.csv,4.6908225e-07
1074,c_ALL_20210120123120895.csv,7.98654e-07
1075,c_ALL_20210120123122099.csv,2.9612225e-07
1076,c_ALL_20210120123122503.csv,3.132485e-07
1077,c_ALL_20210120123123698.csv,2.2530825e-07
1078,c_ALL_20210120123124096.csv,2.3112975e-07
1079,c_ALL_20210120123125296.csv,8.81575e-08
1080,c_ALL_20210120123125697.csv,1.364435e-07
1081,c_ALL_20210120123126096.csv,1.14241e-07
1082,c_ALL_20210120123126496.csv,1.06545e-07
1083,c_ALL_20210120123126896.csv,2.4707575e-07
1084,c_ALL_20210120123127296.csv,3.815035e-07
1085,c_ALL_20210120123127700.csv,4.35936e-07
1086,c_ALL_20210120123128499.csv,1.39447e-07
1087,c_ALL_20210120123130901.csv,2.802845e-07
1088,c_ALL_20210120123132096.csv,7.98438e-07
1089,c_ALL_20210120123132497.csv,2.623205e-07
1090,c_ALL_20210120123134098.csv,1.66345e-07
1091,c_ALL_20210120123134496.csv,1.3081975e-07
1092,c_ALL_20210120123136096.csv,1.5464125e-07
1093,c_ALL_20210120123136496.csv,2.710625e-07
1094,c_ALL_20210120123138096.csv,1.261975e-07
1095,c_ALL_20210120123138496.csv,1.05963e-07
1096,c_ALL_20210120123138896.csv,3.0146225e-07
1097,c_ALL_20210120123140496.csv,1.44922e-07
1098,c_ALL_20210120123140898.csv,2.1387775e-07
1099,c_ALL_20210120123141296.csv,1.7176325e-07
1100,c_ALL_20210120123141696.csv,2.7647475e-07
1101,c_ALL_20210120123142096.csv,1.64808e-07
1102,c_ALL_20210120123142896.csv,3.985345e-07
1103,c_ALL_20210120123144896.csv,3.0037775e-07
1104,c_ALL_20210120123146909.csv,8.47308e-07
1105,c_ALL_20210120123147296.csv,1.08652e-07
1106,c_ALL_20210120123148497.csv,9.89475e-08
1107,c_ALL_20210120123148898.csv,1.2715575e-07
1108,c_ALL_20210120123150503.csv,8.3708e-08
1109,c_ALL_20210120123150896.csv,2.01367e-07
1110,c_ALL_20210120123151299.csv,1.99682e-07
1111,c_ALL_20210120123151696.csv,3.154855e-07
1112,c_ALL_20210120123152096.csv,7.4661675e-07
1113,c_ALL_20210120123152498.csv,2.90486e-07
1114,c_ALL_20210120123153696.csv,5.2132925e-07
1115,c_ALL_20210120123154498.csv,2.4313e-07
1116,c_ALL_20210120123154905.csv,2.10099e-07
1117,c_ALL_20210120123155296.csv,3.8201425e-07
1118,c_ALL_20210120123156896.csv,2.0500375e-07
1119,c_ALL_20210120123158101.csv,2.314745e-07
1120,c_ALL_20210120123159697.csv,2.68628e-07
1121,c_ALL_20210120123200506.csv,3.9857e-07
1122,c_ALL_20210120123201296.csv,3.9956725e-07
1123,c_ALL_20210120123201696.csv,3.34951e-07
1124,c_ALL_20210120123202096.csv,2.811295e-07
1125,c_ALL_20210120123202499.csv,3.125335e-07
1126,c_ALL_20210120123203296.csv,2.602015e-07
1127,c_ALL_20210120123203696.csv,1.67151e-07
1128,c_ALL_20210120123205297.csv,2.21738e-07
1129,c_ALL_20210120123205696.csv,3.42863e-07
1130,c_ALL_20210120123206503.csv,5.5164375e-07
1131,c_ALL_20210120123207296.csv,9.5339e-08
1132,c_ALL_20210120123207696.csv,1.0027225e-07
1133,c_ALL_20210120123208497.csv,2.8214425e-07
1134,c_ALL_20210120123209296.csv,1.6206e-07
1135,c_ALL_20210120123209696.csv,1.3793075e-07
1136,c_ALL_20210120123210896.csv,4.84021e-07
1137,c_ALL_20210120123211296.csv,2.30885e-07
1138,c_ALL_20210120123211696.csv,4.9656175e-07
1139,c_ALL_20210120123212496.csv,1.35576e-07
1140,c_ALL_20210120123212896.csv,2.5437075e-07
1141,c_ALL_20210120123213296.csv,2.6136375e-07
1142,c_ALL_20210120123214497.csv,2.1594175e-07
1143,c_ALL_20210120123214897.csv,6.2785725e-07
1144,c_ALL_20210120123216096.csv,1.122515e-07
1145,c_ALL_20210120123216896.csv,1.62701e-07
1146,c_ALL_20210120123217296.csv,1.5832675e-07
1147,c_ALL_20210120123218497.csv,5.76874e-07
1148,c_ALL_20210120123218896.csv,1.27518e-07
1149,c_ALL_20210120123219297.csv,2.54547e-07
1150,c_ALL_20210120123219699.csv,1.69121e-07
1151,c_ALL_20210120123220096.csv,3.002025e-07
1152,c_ALL_20210120123222896.csv,1.9223375e-07
1153,c_ALL_20210120123224908.csv,1.43961e-07
1154,c_ALL_20210120123225696.csv,1.183575e-07
1155,c_ALL_20210120123226101.csv,1.154665e-07
1156,c_ALL_20210120123227296.csv,3.5481825e-07
1157,c_ALL_20210120123227696.csv,1.347925e-07
1158,c_ALL_20210120123229696.csv,2.64783e-07
1159,c_ALL_20210120123230501.csv,2.3833075e-07
1160,c_ALL_20210120123231297.csv,4.04203e-07
1161,c_ALL_20210120123231696.csv,2.0363725e-07
1162,c_ALL_20210120123233296.csv,1.2080075e-07
1163,c_ALL_20210120123233696.csv,1.010095e-07
1164,c_ALL_20210120123234896.csv,1.7729225e-07
1165,c_ALL_20210120123235301.csv,1.854915e-07
1166,c_ALL_20210120123236096.csv,3.2950175e-07
1167,c_ALL_20210120123236503.csv,2.8856075e-07
1168,c_ALL_20210120123237296.csv,1.67389e-07
1169,c_ALL_20210120123237696.csv,1.8424175e-07
1170,c_ALL_20210120123238501.csv,2.335835e-07
1171,c_ALL_20210120123238900.csv,2.8310275e-07
1172,c_ALL_20210120123239296.csv,1.317655e-07
1173,c_ALL_20210120123240508.csv,1.83848e-07
1174,c_ALL_20210120123240896.csv,3.1051575e-07
1175,c_ALL_20210120123241297.csv,2.2122425e-07
1176,c_ALL_20210120123244097.csv,2.795335e-07
1177,c_ALL_20210120123244896.csv,4.1612725e-07
1178,c_ALL_20210120123245297.csv,4.2600125e-07
1179,c_ALL_20210120123246096.csv,7.72655e-08
1180,c_ALL_20210120123246496.csv,1.4929675e-07
1181,c_ALL_20210120123246897.csv,2.5196625e-07
1182,c_ALL_20210120123247296.csv,4.249225e-07
1183,c_ALL_20210120123247696.csv,3.18002e-07
1184,c_ALL_20210120123248502.csv,1.009325e-07
1185,c_ALL_20210120123248902.csv,2.2502025e-07
1186,c_ALL_20210120123249696.csv,1.302545e-07
1187,c_ALL_20210120123250497.csv,2.0524675e-07
1188,c_ALL_20210120123250900.csv,2.1176675e-07
1189,c_ALL_20210120123252104.csv,3.6569125e-07
1190,c_ALL_20210120123252496.csv,1.6881275e-07
1191,c_ALL_20210120123252896.csv,1.7905825e-07
1192,c_ALL_20210120123254097.csv,7.02755e-08
1193,c_ALL_20210120123254896.csv,2.05397e-07
1194,c_ALL_20210120123255296.csv,2.2125875e-07
1195,c_ALL_20210120123256896.csv,1.5092975e-07
1196,c_ALL_20210120123257298.csv,1.208505e-07
1197,c_ALL_20210120123257696.csv,1.9184875e-07
1198,c_ALL_20210120123258097.csv,3.31532e-07
1199,c_ALL_20210120123258501.csv,1.3198975e-07
1200,c_ALL_20210120123258896.csv,1.386705e-07
1201,c_ALL_20210120123259296.csv,8.09885e-08
1202,c_ALL_20210120123259696.csv,1.1844825e-07
1203,c_ALL_20210120123300096.csv,1.47806e-07
1204,c_ALL_20210120123301696.csv,1.7180425e-07
1205,c_ALL_20210120123302502.csv,1.387135e-07
1206,c_ALL_20210120123303296.csv,1.3451725e-07
1207,c_ALL_20210120123304096.csv,1.190255e-07
1208,c_ALL_20210120123304896.csv,1.7228375e-07
1209,c_ALL_20210120123305296.csv,1.80399e-07
1210,c_ALL_20210120123306096.csv,8.239e-08
1211,c_ALL_20210120123306896.csv,2.274345e-07
1212,c_ALL_20210120123307296.csv,8.5924325e-07
1213,c_ALL_20210120123308096.csv,1.18579e-07
1214,c_ALL_20210120123308501.csv,3.569195e-07
1215,c_ALL_20210120123308896.csv,6.43575e-08
1216,c_ALL_20210120123310496.csv,2.5092e-07
1217,c_ALL_20210120123314499.csv,2.94975e-07
1218,c_ALL_20210120123315297.csv,3.01169e-07
1219,c_ALL_20210120123316096.csv,2.47522e-07
1220,c_ALL_20210120123316902.csv,1.5272525e-07
1221,c_ALL_20210120123317296.csv,3.7487025e-07
1222,c_ALL_20210120123317696.csv,5.055275e-07
1223,c_ALL_20210120123318102.csv,2.2894725e-07
1224,c_ALL_20210120123319296.csv,6.4312075e-07
1225,c_ALL_20210120123319696.csv,1.18678e-07
1226,c_ALL_20210120123321696.csv,1.60356e-07
1227,c_ALL_20210120123322096.csv,3.6863575e-07
1228,c_ALL_20210120123323305.csv,3.60085e-07
1229,c_ALL_20210120123324096.csv,3.2712925e-07
1230,c_ALL_20210120123324497.csv,2.34233e-07
1231,c_ALL_20210120123325297.csv,6.6998475e-07
1232,c_ALL_20210120123326096.csv,7.156205e-07
1233,c_ALL_20210120123326497.csv,4.414465e-07
1234,c_ALL_20210120123327297.csv,3.9279775e-07
1235,c_ALL_20210120123327708.csv,1.605915e-07
1236,c_ALL_20210120123329296.csv,1.24609e-07
1237,c_ALL_20210120123329696.csv,1.621465e-07
1238,c_ALL_20210120123331296.csv,1.94654e-07
1239,c_ALL_20210120123331696.csv,7.9521325e-07
1240,c_ALL_20210120123334497.csv,7.54595e-08
1241,c_ALL_20210120123335296.csv,2.41964e-07
1242,c_ALL_20210120123336896.csv,4.038215e-07
1243,c_ALL_20210120123337296.csv,3.361325e-07
1244,c_ALL_20210120123338909.csv,1.50011e-07
1245,c_ALL_20210120123339297.csv,1.767485e-07
1246,c_ALL_20210120123339697.csv,4.920285e-07
1247,c_ALL_20210120123340096.csv,1.921845e-07
1248,c_ALL_20210120123341302.csv,3.119575e-07
1249,c_ALL_20210120123341696.csv,2.6277275e-07
1250,c_ALL_20210120123342500.csv,1.31446e-07
1251,c_ALL_20210120123342902.csv,1.421065e-07
1252,c_ALL_20210120123344107.csv,1.640115e-07
1253,c_ALL_20210120123344502.csv,2.9582e-07
1254,c_ALL_20210120123345696.csv,1.6447825e-07
1255,c_ALL_20210120123346097.csv,8.4515e-08
1256,c_ALL_20210120123346901.csv,1.113395e-07
1257,c_ALL_20210120123347296.csv,2.6589575e-07
1258,c_ALL_20210120123347701.csv,1.2245475e-07
1259,c_ALL_20210120123348896.csv,1.001115e-07
1260,c_ALL_20210120123349313.csv,1.7851225e-07
1261,c_ALL_20210120123350101.csv,6.5436e-08
1262,c_ALL_20210120123352096.csv,7.7064625e-07
1263,c_ALL_20210120123353297.csv,2.3933125e-07
1264,c_ALL_20210120123353697.csv,4.6790975e-07
1265,c_ALL_20210120123354096.csv,7.5408375e-07
1266,c_ALL_20210120123355296.csv,2.95855e-07
1267,c_ALL_20210120123356096.csv,3.2874725e-07
1268,c_ALL_20210120123357296.csv,2.686855e-07
1269,c_ALL_20210120123357696.csv,1.010435e-07
1270,c_ALL_20210120123358099.csv,1.3682425e-07
1271,c_ALL_20210120123358509.csv,1.170755e-07
1272,c_ALL_20210120123402096.csv,1.30941e-07
1273,c_ALL_20210120123402497.csv,2.141355e-07
1274,c_ALL_20210120123402901.csv,2.9579525e-07
1275,c_ALL_20210120123404096.csv,4.1582925e-07
1276,c_ALL_20210120123406096.csv,2.29346e-07
1277,c_ALL_20210120123406896.csv,1.49337e-07
1278,c_ALL_20210120123407700.csv,2.3297625e-07
1279,c_ALL_20210120123408100.csv,8.96425e-08
1280,c_ALL_20210120123408510.csv,7.4087175e-07
1281,c_ALL_20210120123408896.csv,2.071665e-07
1282,c_ALL_20210120123409299.csv,1.010255e-07
1283,c_ALL_20210120123410509.csv,3.587625e-07
1284,c_ALL_20210120123410903.csv,1.602475e-07
1285,c_ALL_20210120123411300.csv,9.0651e-08
1286,c_ALL_20210120123411701.csv,2.615495e-07
1287,c_ALL_20210120123412505.csv,2.805865e-07
1288,c_ALL_20210120123413301.csv,1.7904975e-07
1289,c_ALL_20210120123414500.csv,1.260445e-07
1290,c_ALL_20210120123414897.csv,3.3238125e-07
1291,c_ALL_20210120123415307.csv,4.7870325e-07
1292,c_ALL_20210120123416101.csv,1.01244e-07
1293,c_ALL_20210120123416897.csv,1.86112e-07
1294,c_ALL_20210120123417701.csv,8.6738675e-07
1295,c_ALL_20210120123420507.csv,2.7805375e-07
1296,c_ALL_20210120123421297.csv,4.3547025e-07
1297,c_ALL_20210120123421697.csv,8.219955e-07
1298,c_ALL_20210120123422097.csv,5.7924125e-07
1299,c_ALL_20210120123422897.csv,2.66443e-07
1300,c_ALL_20210120123423299.csv,8.7311e-08
1301,c_ALL_20210120123423696.csv,1.27106e-07
1302,c_ALL_20210120123424100.csv,1.61849e-07
1303,c_ALL_20210120123424501.csv,6.220085e-07
1304,c_ALL_20210120123425709.csv,2.6357e-07
1305,c_ALL_20210120123428097.csv,1.532775e-07
1306,c_ALL_20210120123428901.csv,1.313665e-07
1307,c_ALL_20210120123429700.csv,2.9292275e-07
1308,c_ALL_20210120123430905.csv,2.913885e-07
1309,c_ALL_20210120123431296.csv,2.47505e-08
1310,c_ALL_20210120123431697.csv,1.615565e-07
1311,c_ALL_20210120123432096.csv,3.6441825e-07
1312,c_ALL_20210120123432500.csv,1.7182975e-07
1313,c_ALL_20210120123433301.csv,2.892955e-07
1314,c_ALL_20210120123433697.csv,2.537985e-07
1315,c_ALL_20210120123434097.csv,1.8763875e-07
1316,c_ALL_20210120123435697.csv,6.7319e-08
1317,c_ALL_20210120123437297.csv,3.05669e-07
1318,c_ALL_20210120123437701.csv,4.99075e-07
1319,c_ALL_20210120123439699.csv,1.7386725e-07
1320,c_ALL_20210120123441310.csv,8.73481e-07
1321,c_ALL_20210120123442897.csv,1.8972225e-07
1322,c_ALL_20210120123444497.csv,2.308235e-07
1323,c_ALL_20210120123444901.csv,2.7926275e-07
1324,c_ALL_20210120123445302.csv,1.4590475e-07
1325,c_ALL_20210120123446097.csv,2.3869875e-07
1326,c_ALL_20210120123446502.csv,2.15281e-07
1327,c_ALL_20210120123447297.csv,1.14566e-07
1328,c_ALL_20210120123448097.csv,1.009215e-07
1329,c_ALL_20210120123448497.csv,1.514635e-07
1330,c_ALL_20210120123448897.csv,1.5655125e-07
1331,c_ALL_20210120123452498.csv,4.312275e-07
1332,c_ALL_20210120123454898.csv,2.63888e-07
1333,c_ALL_20210120123455297.csv,1.4834875e-07
1334,c_ALL_20210120123456097.csv,2.47874e-07
1335,c_ALL_20210120123456497.csv,6.6565e-08
1336,c_ALL_20210120123458497.csv,3.189205e-07
1337,c_ALL_20210120123459297.csv,4.2661975e-07
1338,c_ALL_20210120123500500.csv,1.8102275e-07
1339,c_ALL_20210120123502105.csv,9.21535e-08
1340,c_ALL_20210120123502497.csv,8.365535e-07
1341,c_ALL_20210120123503296.csv,1.5603375e-07
1342,c_ALL_20210120123504097.csv,1.668935e-07
1343,c_ALL_20210120123504500.csv,4.542775e-07
1344,c_ALL_20210120123504897.csv,1.08968e-07
1345,c_ALL_20210120123505308.csv,2.1314975e-07
1346,c_ALL_20210120123505696.csv,1.011335e-07
1347,c_ALL_20210120123507305.csv,1.117435e-07
1348,c_ALL_20210120123507701.csv,3.7025575e-07
1349,c_ALL_20210120123508497.csv,2.035315e-07
1350,c_ALL_20210120123508901.csv,1.54345e-07
1351,c_ALL_20210120123509701.csv,2.9776025e-07
1352,c_ALL_20210120123510097.csv,1.047665e-07
1353,c_ALL_20210120123512506.csv,2.885715e-07
1354,c_ALL_20210120123512904.csv,3.52647e-07
1355,c_ALL_20210120123513697.csv,9.92795e-08
1356,c_ALL_20210120123515697.csv,2.338555e-07
1357,c_ALL_20210120123516497.csv,1.9337875e-07
1358,c_ALL_20210120123517297.csv,8.97184e-07
1359,c_ALL_20210120123517706.csv,1.2705e-07
1360,c_ALL_20210120123518897.csv,3.0065925e-07
1361,c_ALL_20210120123520897.csv,2.628005e-07
1362,c_ALL_20210120123521697.csv,1.357115e-07
1363,c_ALL_20210120123522500.csv,3.5652675e-07
1364,c_ALL_20210120123522904.csv,1.4214225e-07
1365,c_ALL_20210120123523697.csv,1.231385e-07
1366,c_ALL_20210120123524097.csv,1.832055e-07
1367,c_ALL_20210120123526499.csv,5.429265e-07
1368,c_ALL_20210120123526897.csv,1.63007e-07
1369,c_ALL_20210120123527300.csv,1.0362875e-07
1370,c_ALL_20210120123528105.csv,5.9076375e-07
1371,c_ALL_20210120123528897.csv,1.8272925e-07
1372,c_ALL_20210120123529297.csv,3.5871e-07
1373,c_ALL_20210120123530503.csv,1.5826275e-07
1374,c_ALL_20210120123531697.csv,4.8759875e-07
1375,c_ALL_20210120123532097.csv,2.5389575e-07
1376,c_ALL_20210120123532497.csv,3.0026175e-07
1377,c_ALL_20210120123532897.csv,4.4039275e-07
1378,c_ALL_20210120123533310.csv,9.77695e-08
1379,c_ALL_20210120123534098.csv,2.8462125e-07
1380,c_ALL_20210120123537697.csv,9.2213025e-07
1381,c_ALL_20210120123538097.csv,1.18187e-07
1382,c_ALL_20210120123538897.csv,3.922395e-07
1383,c_ALL_20210120123540497.csv,1.4071375e-07
1384,c_ALL_20210120123542097.csv,7.9028e-07
1385,c_ALL_20210120123543297.csv,6.4118925e-07
1386,c_ALL_20210120123543713.csv,3.399505e-07
1387,c_ALL_20210120123544500.csv,1.240955e-07
1388,c_ALL_20210120123545701.csv,3.8273475e-07
1389,c_ALL_20210120123547297.csv,2.31249e-07
1390,c_ALL_20210120123548497.csv,7.9345e-08
1391,c_ALL_20210120123548899.csv,2.4888425e-07
1392,c_ALL_20210120123549298.csv,1.4820875e-07
1393,c_ALL_20210120123549697.csv,3.1453275e-07
1394,c_ALL_20210120123550108.csv,1.360675e-07
1395,c_ALL_20210120123550904.csv,3.36256e-07
1396,c_ALL_20210120123553297.csv,2.00258e-07
1397,c_ALL_20210120123554497.csv,2.50351e-07
1398,c_ALL_20210120123555297.csv,4.4997225e-07
1399,c_ALL_20210120123556897.csv,2.2432025e-07
1400,c_ALL_20210120123557297.csv,1.613935e-07
1401,c_ALL_20210120123558897.csv,8.076945e-07
1402,c_ALL_20210120123559305.csv,2.6961175e-07
1403,c_ALL_20210120123600497.csv,4.26405e-07
1404,c_ALL_20210120123601298.csv,2.8028475e-07
1405,c_ALL_20210120123602097.csv,4.1054625e-07
1406,c_ALL_20210120123602497.csv,8.1994075e-07
1407,c_ALL_20210120123602897.csv,1.8601075e-07
1408,c_ALL_20210120123603697.csv,8.201365e-07
1409,c_ALL_20210120123604097.csv,1.49387e-07
1410,c_ALL_20210120123604504.csv,1.40325e-07
1411,c_ALL_20210120123604897.csv,1.464485e-07
1412,c_ALL_20210120123605697.csv,4.01141e-07
1413,c_ALL_20210120123606497.csv,7.551335e-07
1414,c_ALL_20210120123607297.csv,8.2537425e-07
1415,c_ALL_20210120123607701.csv,5.6506375e-07
1416,c_ALL_20210120123608501.csv,2.34417e-07
1417,c_ALL_20210120123608897.csv,2.3119975e-07
1418,c_ALL_20210120123609297.csv,2.17118e-07
1419,c_ALL_20210120123609706.csv,2.820275e-07
1420,c_ALL_20210120123610897.csv,3.2084e-07
1421,c_ALL_20210120123611308.csv,8.6281e-08
1422,c_ALL_20210120123613297.csv,4.89268e-07
1423,c_ALL_20210120123613707.csv,8.1586025e-07
1424,c_ALL_20210120123616097.csv,1.064925e-07
1425,c_ALL_20210120123616910.csv,3.380335e-07
1426,c_ALL_20210120123617299.csv,4.451815e-07
1427,c_ALL_20210120123619697.csv,2.2267025e-07
1428,c_ALL_20210120123620105.csv,9.21256e-07
1429,c_ALL_20210120123622497.csv,8.35459e-07
1430,c_ALL_20210120123623698.csv,8.55233e-07
1431,c_ALL_20210120123624897.csv,2.62022e-07
1432,c_ALL_20210120123625306.csv,5.9850025e-07
1433,c_ALL_20210120123625697.csv,5.2481575e-07
1434,c_ALL_20210120123626102.csv,1.43637e-07
1435,c_ALL_20210120123627297.csv,6.2362775e-07
1436,c_ALL_20210120123628498.csv,3.53098e-07
1437,c_ALL_20210120123628897.csv,4.905225e-07
1438,c_ALL_20210120123629298.csv,2.66549e-07
1439,c_ALL_20210120123630101.csv,3.4049875e-07
1440,c_ALL_20210120123630503.csv,2.251605e-07
1441,c_ALL_20210120123630897.csv,2.735565e-07
1442,c_ALL_20210120123631697.csv,2.583515e-07
1443,c_ALL_20210120123632498.csv,1.11696e-07
1444,c_ALL_20210120123632897.csv,1.38005e-07
1445,c_ALL_20210120123633697.csv,8.95435e-08
1446,c_ALL_20210120123634897.csv,1.59873e-07
1447,c_ALL_20210120123635705.csv,4.195465e-07
1448,c_ALL_20210120123636097.csv,4.093525e-07
1449,c_ALL_20210120123636497.csv,2.29585e-07
1450,c_ALL_20210120123640097.csv,2.522435e-07
1451,c_ALL_20210120123640905.csv,1.662085e-07
1452,c_ALL_20210120123642097.csv,2.587835e-07
1453,c_ALL_20210120123642500.csv,2.11401e-07
1454,c_ALL_20210120123642897.csv,2.04132e-07
1455,c_ALL_20210120123643297.csv,2.179105e-07
1456,c_ALL_20210120123643698.csv,2.09781e-07
1457,c_ALL_20210120123644097.csv,2.00857e-07
1458,c_ALL_20210120123644501.csv,2.52896e-07
1459,c_ALL_20210120123644897.csv,1.975105e-07
1460,c_ALL_20210120123645297.csv,2.37024e-07
1461,c_ALL_20210120123645697.csv,2.60506e-07
1462,c_ALL_20210120123646107.csv,2.057535e-07
1463,c_ALL_20210120123646510.csv,2.165495e-07
1464,c_ALL_20210120123646897.csv,1.85964e-07
1465,c_ALL_20210120123647297.csv,2.295405e-07
1466,c_ALL_20210120123647697.csv,2.28882e-07
1467,c_ALL_20210120123648097.csv,2.2896175e-07
1468,c_ALL_20210120123648512.csv,2.10043e-07
1469,c_ALL_20210120123648897.csv,2.329235e-07
1470,c_ALL_20210120123649298.csv,2.383255e-07
1471,c_ALL_20210120123649698.csv,2.19688e-07
1472,c_ALL_20210120123650097.csv,1.92229e-07
1473,c_ALL_20210120123650502.csv,2.352655e-07
1474,c_ALL_20210120123650897.csv,2.01494e-07
1475,c_ALL_20210120123651305.csv,2.23017e-07
1476,c_ALL_20210120123651697.csv,2.01335e-07
1477,c_ALL_20210120123652097.csv,2.18718e-07
1478,c_ALL_20210120123652497.csv,2.029795e-07
1479,c_ALL_20210120123652897.csv,2.26517e-07
1480,c_ALL_20210120123653297.csv,2.092435e-07
1481,c_ALL_20210120123653709.csv,2.08531e-07
1482,c_ALL_20210120123654098.csv,1.799935e-07
1483,c_ALL_20210120123654511.csv,5.9748125e-07
1484,c_ALL_20210120123655301.csv,1.20775e-07
1485,c_ALL_20210120123656097.csv,2.1028225e-07
1486,c_ALL_20210120123656515.csv,3.28673e-07
1487,c_ALL_20210120123656902.csv,2.509415e-07
1488,c_ALL_20210120123658098.csv,1.43446e-07
1489,c_ALL_20210120123659697.csv,8.524015e-07
1490,c_ALL_20210120123700098.csv,2.5388925e-07
1491,c_ALL_20210120123700498.csv,2.6137125e-07
1492,c_ALL_20210120123700897.csv,5.064625e-07
1493,c_ALL_20210120123702506.csv,3.41952e-07
1494,c_ALL_20210120123703701.csv,1.656575e-07
1495,c_ALL_20210120123705297.csv,3.4185975e-07
1496,c_ALL_20210120123705698.csv,3.88521e-07
1497,c_ALL_20210120123706498.csv,5.7159975e-07
1498,c_ALL_20210120123706905.csv,5.23746e-07
1499,c_ALL_20210120123707297.csv,2.2095e-07
1500,c_ALL_20210120123708097.csv,1.84942e-07
1501,c_ALL_20210120123708511.csv,2.573915e-07
1502,c_ALL_20210120123708907.csv,2.26997e-07
1503,c_ALL_20210120123709298.csv,1.9875e-07
1504,c_ALL_20210120123709697.csv,2.30876e-07
1505,c_ALL_20210120123710098.csv,1.97171e-07
1506,c_ALL_20210120123710509.csv,2.185775e-07
1507,c_ALL_20210120123710903.csv,2.204225e-07
1508,c_ALL_20210120123711298.csv,2.3050325e-07
1509,c_ALL_20210120123711697.csv,2.111255e-07
1510,c_ALL_20210120123712105.csv,5.3732425e-07
1511,c_ALL_20210120123712897.csv,3.3421975e-07
1512,c_ALL_20210120123714097.csv,2.25734e-07
1513,c_ALL_20210120123714510.csv,1.94005e-07
1514,c_ALL_20210120123715302.csv,3.37364e-07
1515,c_ALL_20210120123715699.csv,8.8815025e-07
1516,c_ALL_20210120123717304.csv,3.2326375e-07
1517,c_ALL_20210120123717697.csv,6.2102125e-07
1518,c_ALL_20210120123718097.csv,6.7196325e-07
1519,c_ALL_20210120123718897.csv,7.8878e-07
1520,c_ALL_20210120123720497.csv,2.51934e-07
1521,c_ALL_20210120123720897.csv,2.113875e-07
1522,c_ALL_20210120123722098.csv,9.55715e-08
1523,c_ALL_20210120123723297.csv,4.4596525e-07
1524,c_ALL_20210120123723697.csv,2.553875e-07
1525,c_ALL_20210120123724097.csv,5.297425e-07
1526,c_ALL_20210120123725297.csv,2.2115575e-07
1527,c_ALL_20210120123726102.csv,8.1147875e-07
1528,c_ALL_20210120123726497.csv,3.214735e-07
1529,c_ALL_20210120123726897.csv,2.6362275e-07
1530,c_ALL_20210120123727297.csv,2.4251775e-07
1531,c_ALL_20210120123728898.csv,4.155745e-07
1532,c_ALL_20210120123729697.csv,1.113715e-07
1533,c_ALL_20210120123731297.csv,1.590195e-07
1534,c_ALL_20210120123732101.csv,3.317e-07
1535,c_ALL_20210120123732501.csv,7.96491e-07
1536,c_ALL_20210120123733702.csv,3.48754e-07
1537,c_ALL_20210120123734097.csv,1.45598e-07
1538,c_ALL_20210120123734497.csv,2.6801075e-07
1539,c_ALL_20210120123734898.csv,1.345705e-07
1540,c_ALL_20210120123735298.csv,2.251095e-07
1541,c_ALL_20210120123736498.csv,2.371805e-07
1542,c_ALL_20210120123737697.csv,4.257665e-07
1543,c_ALL_20210120123738114.csv,1.60702e-07
1544,c_ALL_20210120123738501.csv,5.21372e-07
1545,c_ALL_20210120123739297.csv,3.9067775e-07
1546,c_ALL_20210120123739697.csv,4.0899575e-07
1547,c_ALL_20210120123740098.csv,2.41682e-07
1548,c_ALL_20210120123740512.csv,8.05138e-07
1549,c_ALL_20210120123740898.csv,8.7900875e-07
1550,c_ALL_20210120123742898.csv,6.4386675e-07
1551,c_ALL_20210120123744098.csv,2.381375e-07
1552,c_ALL_20210120123746898.csv,3.638605e-07
1553,c_ALL_20210120123747298.csv,2.8191775e-07
1554,c_ALL_20210120123748097.csv,2.60157e-07
1555,c_ALL_20210120123748503.csv,5.4599075e-07
1556,c_ALL_20210120123748903.csv,2.890515e-07
1557,c_ALL_20210120123749698.csv,2.61123e-07
1558,c_ALL_20210120123750903.csv,7.89035e-08
1559,c_ALL_20210120123752098.csv,1.7695425e-07
1560,c_ALL_20210120123752897.csv,1.591485e-07
1561,c_ALL_20210120123754098.csv,2.2624525e-07
1562,c_ALL_20210120123754898.csv,2.8662675e-07
1563,c_ALL_20210120123756098.csv,1.6424875e-07
1564,c_ALL_20210120123756898.csv,1.5818e-07
1565,c_ALL_20210120123759297.csv,7.9732e-07
1566,c_ALL_20210120123800098.csv,4.4056575e-07
1567,c_ALL_20210120123800502.csv,7.822655e-07
1568,c_ALL_20210120123800898.csv,2.3870525e-07
1569,c_ALL_20210120123803298.csv,2.7554e-07
1570,c_ALL_20210120123804108.csv,2.9484075e-07
1571,c_ALL_20210120123805303.csv,2.735045e-07
1572,c_ALL_20210120123805697.csv,2.110875e-07
1573,c_ALL_20210120123806097.csv,2.199875e-07
1574,c_ALL_20210120123806497.csv,2.26647e-07
1575,c_ALL_20210120123806903.csv,2.331575e-07
1576,c_ALL_20210120123808497.csv,3.9981725e-07
1577,c_ALL_20210120123808897.csv,2.560915e-07
1578,c_ALL_20210120123810098.csv,3.25327e-07
1579,c_ALL_20210120123810498.csv,1.139035e-07
1580,c_ALL_20210120123810903.csv,9.7894e-08
1581,c_ALL_20210120123811701.csv,6.2605425e-07
1582,c_ALL_20210120123812103.csv,2.39387e-07
1583,c_ALL_20210120123813303.csv,2.623765e-07
1584,c_ALL_20210120123813698.csv,4.99164e-07
1585,c_ALL_20210120123814098.csv,2.2526375e-07
1586,c_ALL_20210120123818098.csv,7.3026025e-07
1587,c_ALL_20210120123818498.csv,2.75971e-07
1588,c_ALL_20210120123818898.csv,5.807195e-07
1589,c_ALL_20210120123819298.csv,9.78505e-08
1590,c_ALL_20210120123819704.csv,2.660775e-07
1591,c_ALL_20210120123821298.csv,5.8790675e-07
1592,c_ALL_20210120123822502.csv,8.7192675e-07
1593,c_ALL_20210120123822898.csv,5.5058575e-07
1594,c_ALL_20210120123823301.csv,2.704265e-07
1595,c_ALL_20210120123823699.csv,3.633795e-07
1596,c_ALL_20210120123824098.csv,2.622495e-07
1597,c_ALL_20210120123824499.csv,2.22379e-07
1598,c_ALL_20210120123824908.csv,5.6126825e-07
1599,c_ALL_20210120123825698.csv,2.5688725e-07
1600,c_ALL_20210120123826501.csv,3.05542e-07
1601,c_ALL_20210120123827699.csv,9.021545e-07
1602,c_ALL_20210120123829298.csv,8.4180425e-07
1603,c_ALL_20210120123829698.csv,4.9368425e-07
1604,c_ALL_20210120123832498.csv,2.74439e-07
1605,c_ALL_20210120123833298.csv,2.912435e-07
1606,c_ALL_20210120123833697.csv,2.2311125e-07
1607,c_ALL_20210120123834099.csv,2.94692e-07
1608,c_ALL_20210120123834898.csv,2.645805e-07
1609,c_ALL_20210120123835698.csv,4.566055e-07
1610,c_ALL_20210120123836098.csv,2.7958075e-07
1611,c_ALL_20210120123839698.csv,1.7906275e-07
1612,c_ALL_20210120123840099.csv,2.3296025e-07
1613,c_ALL_20210120123840898.csv,1.6748125e-07
1614,c_ALL_20210120123842098.csv,7.775265e-07
1615,c_ALL_20210120123842898.csv,3.83011e-07
1616,c_ALL_20210120123843298.csv,1.86327e-07
1617,c_ALL_20210120123843698.csv,1.50602e-07
1618,c_ALL_20210120123844500.csv,4.32226e-07
1619,c_ALL_20210120123844898.csv,9.02782e-07
1620,c_ALL_20210120123845300.csv,2.57612e-07
1621,c_ALL_20210120123846098.csv,2.619585e-07
1622,c_ALL_20210120123846498.csv,2.21457e-07
1623,c_ALL_20210120123846898.csv,2.165825e-07
1624,c_ALL_20210120123847302.csv,2.38876e-07
1625,c_ALL_20210120123848103.csv,4.5431175e-07
1626,c_ALL_20210120123849300.csv,8.111985e-07
1627,c_ALL_20210120123849698.csv,7.50527e-07
1628,c_ALL_20210120123850098.csv,1.15192e-07
1629,c_ALL_20210120123850498.csv,7.4874175e-07
1630,c_ALL_20210120123852498.csv,7.74218e-07
1631,c_ALL_20210120123852899.csv,6.48662e-07
1632,c_ALL_20210120123853698.csv,1.489545e-07
1633,c_ALL_20210120123854098.csv,4.959075e-07
1634,c_ALL_20210120123855698.csv,2.688145e-07
1635,c_ALL_20210120123856106.csv,2.115115e-07
1636,c_ALL_20210120123856498.csv,2.46175e-07
1637,c_ALL_20210120123856898.csv,2.12423e-07
1638,c_ALL_20210120123857298.csv,2.254365e-07
1639,c_ALL_20210120123857698.csv,2.06285e-07
1640,c_ALL_20210120123858098.csv,2.440625e-07
1641,c_ALL_20210120123858499.csv,6.4260025e-07
1642,c_ALL_20210120123858899.csv,2.656015e-07
1643,c_ALL_20210120123859307.csv,2.07371e-07
1644,c_ALL_20210120123859698.csv,2.4244875e-07
1645,c_ALL_20210120123900098.csv,5.59266e-07
1646,c_ALL_20210120123902098.csv,4.3989e-07
1647,c_ALL_20210120123902898.csv,7.0771575e-07
1648,c_ALL_20210120123904098.csv,8.6360475e-07
1649,c_ALL_20210120123904503.csv,2.3883925e-07
1650,c_ALL_20210120123904898.csv,3.611245e-07
1651,c_ALL_20210120123905303.csv,2.79869e-07
1652,c_ALL_20210120123905698.csv,2.282715e-07
1653,c_ALL_20210120123907298.csv,2.67669e-07
1654,c_ALL_20210120123908499.csv,1.41925e-07
1655,c_ALL_20210120123908902.csv,3.9201475e-07
1656,c_ALL_20210120123909298.csv,2.567535e-07
1657,c_ALL_20210120123909698.csv,4.03601e-07
1658,c_ALL_20210120123910098.csv,2.592645e-07
1659,c_ALL_20210120123911298.csv,2.5257975e-07
1660,c_ALL_20210120123912898.csv,2.69871e-07
1661,c_ALL_20210120123913698.csv,2.7363e-07
1662,c_ALL_20210120123914098.csv,1.841485e-07
1663,c_ALL_20210120123914499.csv,5.7077475e-07
1664,c_ALL_20210120123915298.csv,4.8240425e-07
1665,c_ALL_20210120123916098.csv,4.320595e-07
1666,c_ALL_20210120123916502.csv,4.493695e-07
1667,c_ALL_20210120123917698.csv,2.57894e-07
1668,c_ALL_20210120123918098.csv,2.2297475e-07
1669,c_ALL_20210120123918498.csv,2.222655e-07
1670,c_ALL_20210120123918903.csv,2.40399e-07
1671,c_ALL_20210120123919305.csv,4.7505875e-07
1672,c_ALL_20210120123919698.csv,4.2226925e-07
1673,c_ALL_20210120123920498.csv,2.00113e-07
1674,c_ALL_20210120123920898.csv,5.3966925e-07
1675,c_ALL_20210120123921298.csv,2.44841e-07
1676,c_ALL_20210120123921698.csv,2.22808e-07
1677,c_ALL_20210120123922105.csv,2.2535e-07
1678,c_ALL_20210120123922502.csv,2.147655e-07
1679,c_ALL_20210120123922898.csv,2.096405e-07
1680,c_ALL_20210120123923298.csv,2.12373e-07
1681,c_ALL_20210120123923699.csv,2.378415e-07
1682,c_ALL_20210120123924098.csv,2.061535e-07
1683,c_ALL_20210120123924500.csv,2.153755e-07
1684,c_ALL_20210120123924898.csv,2.249605e-07
1685,c_ALL_20210120123925298.csv,1.9673825e-07
1686,c_ALL_20210120123925698.csv,2.045945e-07
1687,c_ALL_20210120123926098.csv,2.18683e-07
1688,c_ALL_20210120123926498.csv,2.04707e-07
1689,c_ALL_20210120123926898.csv,2.08237e-07
1690,c_ALL_20210120123927308.csv,2.075975e-07
1691,c_ALL_20210120123927698.csv,2.172165e-07
1692,c_ALL_20210120123928098.csv,1.965415e-07
1693,c_ALL_20210120123928899.csv,4.7523475e-07
1694,c_ALL_20210120123929298.csv,5.7941175e-07
1695,c_ALL_20210120123929698.csv,2.72139e-07
1696,c_ALL_20210120123930098.csv,2.4447675e-07
1697,c_ALL_20210120123932103.csv,3.29399e-07
1698,c_ALL_20210120123933298.csv,1.94312e-07
1699,c_ALL_20210120123933698.csv,8.90431e-07
1700,c_ALL_20210120123934098.csv,2.958165e-07
1701,c_ALL_20210120123934498.csv,2.8862775e-07
1702,c_ALL_20210120123934902.csv,4.2206675e-07
1703,c_ALL_20210120123936098.csv,3.1622425e-07
1704,c_ALL_20210120123936898.csv,3.0574525e-07
1705,c_ALL_20210120123937300.csv,5.4058675e-07
1706,c_ALL_20210120123939298.csv,2.540885e-07
1707,c_ALL_20210120123939698.csv,4.87935e-08
1708,c_ALL_20210120123940098.csv,6.88425e-08
1709,c_ALL_20210120123940898.csv,2.41888e-07
1710,c_ALL_20210120123941301.csv,2.20047e-07
1711,c_ALL_20210120123941698.csv,2.463465e-07
1712,c_ALL_20210120123942098.csv,2.235605e-07
1713,c_ALL_20210120123942500.csv,2.07179e-07
1714,c_ALL_20210120123942910.csv,2.15398e-07
1715,c_ALL_20210120123943298.csv,2.01959e-07
1716,c_ALL_20210120123943700.csv,2.1655e-07
1717,c_ALL_20210120123944098.csv,2.18949e-07
1718,c_ALL_20210120123944500.csv,2.103355e-07
1719,c_ALL_20210120123944898.csv,2.030255e-07
1720,c_ALL_20210120123945309.csv,2.102815e-07
1721,c_ALL_20210120123945698.csv,2.2538325e-07
1722,c_ALL_20210120123946098.csv,2.384925e-07
1723,c_ALL_20210120123946502.csv,2.021965e-07
1724,c_ALL_20210120123946903.csv,2.46574e-07
1725,c_ALL_20210120123947299.csv,1.99992e-07
1726,c_ALL_20210120123947699.csv,5.5916125e-07
1727,c_ALL_20210120123948500.csv,5.2276725e-07
1728,c_ALL_20210120123949298.csv,2.5658375e-07
1729,c_ALL_20210120123949698.csv,2.31205e-07
1730,c_ALL_20210120123950098.csv,2.144175e-07
1731,c_ALL_20210120123950501.csv,4.9932275e-07
1732,c_ALL_20210120123951298.csv,3.48328e-07
1733,c_ALL_20210120123951698.csv,4.5051275e-07
1734,c_ALL_20210120123952098.csv,1.556895e-07
1735,c_ALL_20210120123952900.csv,2.665e-07
1736,c_ALL_20210120123953698.csv,7.734085e-07
1737,c_ALL_20210120123954498.csv,2.7531075e-07
1738,c_ALL_20210120123956098.csv,1.09058e-07
1739,c_ALL_20210120123957298.csv,3.1965225e-07
1740,c_ALL_20210120123957699.csv,8.03405e-07
1741,c_ALL_20210120123958503.csv,2.61465e-07
1742,c_ALL_20210120123958900.csv,2.161725e-07
1743,c_ALL_20210120123959298.csv,2.189265e-07
1744,c_ALL_20210120123959700.csv,2.4368875e-07
1745,c_ALL_20210120124000498.csv,1.6111125e-07
1746,c_ALL_20210120124001298.csv,2.9924075e-07
1747,c_ALL_20210120124001700.csv,3.8963125e-07
1748,c_ALL_20210120124002098.csv,5.78965e-07
1749,c_ALL_20210120124002503.csv,7.8279925e-07
1750,c_ALL_20210120124002899.csv,1.07152e-07
1751,c_ALL_20210120124003706.csv,4.0809725e-07
1752,c_ALL_20210120124004098.csv,2.407675e-07
1753,c_ALL_20210120124004498.csv,4.6854e-07
1754,c_ALL_20210120124004898.csv,2.49129e-07
1755,c_ALL_20210120124006099.csv,4.8836975e-07
1756,c_ALL_20210120124006500.csv,6.1725575e-07
1757,c_ALL_20210120124007700.csv,2.5985925e-07
1758,c_ALL_20210120124009300.csv,7.237915e-07
1759,c_ALL_20210120124009698.csv,7.67666e-07
1760,c_ALL_20210120124010900.csv,1.735165e-07
1761,c_ALL_20210120124011303.csv,2.875295e-07
1762,c_ALL_20210120124012098.csv,6.4042275e-07
1763,c_ALL_20210120124012502.csv,2.622875e-07
1764,c_ALL_20210120124012898.csv,2.136085e-07
1765,c_ALL_20210120124014105.csv,3.4778375e-07
1766,c_ALL_20210120124014505.csv,3.93481e-07
1767,c_ALL_20210120124014899.csv,8.984785e-07
1768,c_ALL_20210120124016099.csv,3.83583e-07
1769,c_ALL_20210120124016499.csv,2.349885e-07
1770,c_ALL_20210120124016900.csv,2.62612e-07
1771,c_ALL_20210120124017299.csv,2.113125e-07
1772,c_ALL_20210120124017698.csv,2.251785e-07
1773,c_ALL_20210120124018098.csv,2.109065e-07
1774,c_ALL_20210120124018502.csv,2.141275e-07
1775,c_ALL_20210120124018898.csv,1.983075e-07
1776,c_ALL_20210120124019304.csv,2.29727e-07
1777,c_ALL_20210120124019700.csv,2.140535e-07
1778,c_ALL_20210120124020098.csv,2.089685e-07
1779,c_ALL_20210120124020500.csv,2.018015e-07
1780,c_ALL_20210120124020899.csv,2.269085e-07
1781,c_ALL_20210120124021304.csv,2.10739e-07
1782,c_ALL_20210120124021698.csv,2.1789325e-07
1783,c_ALL_20210120124022100.csv,2.14854e-07
1784,c_ALL_20210120124022498.csv,2.223605e-07
1785,c_ALL_20210120124022899.csv,2.247485e-07
1786,c_ALL_20210120124023300.csv,2.152195e-07
1787,c_ALL_20210120124023700.csv,2.350555e-07
1788,c_ALL_20210120124024098.csv,1.76683e-07
1789,c_ALL_20210120124025298.csv,2.11453e-07
1790,c_ALL_20210120124026098.csv,2.64458e-07
1791,c_ALL_20210120124026499.csv,2.055635e-07
1792,c_ALL_20210120124026899.csv,2.29077e-07
1793,c_ALL_20210120124027298.csv,1.992545e-07
1794,c_ALL_20210120124027698.csv,4.84227e-07
1795,c_ALL_20210120124028104.csv,8.111705e-07
1796,c_ALL_20210120124028500.csv,4.31995e-07
1797,c_ALL_20210120124029298.csv,2.55502e-07
1798,c_ALL_20210120124029710.csv,2.2987625e-07
1799,c_ALL_20210120124030098.csv,1.98887e-07
1800,c_ALL_20210120124030502.csv,2.199655e-07
1801,c_ALL_20210120124030898.csv,2.45037e-07
1802,c_ALL_20210120124031298.csv,2.19191e-07
1803,c_ALL_20210120124031703.csv,2.2769e-07
1804,c_ALL_20210120124032100.csv,1.38029e-07
1805,c_ALL_20210120124032498.csv,2.0136225e-07
1806,c_ALL_20210120124032898.csv,5.7371e-08
1807,c_ALL_20210120124033298.csv,4.00439e-07
1808,c_ALL_20210120124033704.csv,2.074185e-07
1809,c_ALL_20210120124034904.csv,8.1153e-08
1810,c_ALL_20210120124035300.csv,1.02956e-07
1811,c_ALL_20210120124035698.csv,6.77365e-08
1812,c_ALL_20210120124036102.csv,2.67768e-07
1813,c_ALL_20210120124036498.csv,5.097445e-07
1814,c_ALL_20210120124037700.csv,2.56249e-07
1815,c_ALL_20210120124038098.csv,1.866775e-07
1816,c_ALL_20210120124038498.csv,2.01802e-07
1817,c_ALL_20210120124038899.csv,1.92415e-07
1818,c_ALL_20210120124039298.csv,2.315665e-07
1819,c_ALL_20210120124039700.csv,2.160145e-07
1820,c_ALL_20210120124040105.csv,2.164095e-07
1821,c_ALL_20210120124040503.csv,4.1388325e-07
1822,c_ALL_20210120124040898.csv,2.55129e-07
1823,c_ALL_20210120124041299.csv,1.77938e-07
1824,c_ALL_20210120124041698.csv,2.79979e-07
1825,c_ALL_20210120124042099.csv,1.91833e-07
1826,c_ALL_20210120124042503.csv,2.338645e-07
1827,c_ALL_20210120124042900.csv,2.140055e-07
1828,c_ALL_20210120124043298.csv,2.25202e-07
1829,c_ALL_20210120124043699.csv,2.068075e-07
1830,c_ALL_20210120124044098.csv,2.260075e-07
1831,c_ALL_20210120124044498.csv,2.09503e-07
1832,c_ALL_20210120124044898.csv,2.08461e-07
1833,c_ALL_20210120124045311.csv,2.079055e-07
1834,c_ALL_20210120124045699.csv,2.17885e-07
1835,c_ALL_20210120124046098.csv,2.327295e-07
1836,c_ALL_20210120124046498.csv,2.21793e-07
1837,c_ALL_20210120124046899.csv,2.152445e-07
1838,c_ALL_20210120124047298.csv,2.057225e-07
1839,c_ALL_20210120124047700.csv,2.219955e-07
1840,c_ALL_20210120124048100.csv,2.241235e-07
1841,c_ALL_20210120124048499.csv,2.1508925e-07
1842,c_ALL_20210120124048902.csv,2.156415e-07
1843,c_ALL_20210120124049301.csv,2.396925e-07
1844,c_ALL_20210120124049701.csv,2.30408e-07
1845,c_ALL_20210120124050098.csv,2.44083e-07
1846,c_ALL_20210120124050508.csv,2.25058e-07
1847,c_ALL_20210120124050899.csv,2.34347e-07
1848,c_ALL_20210120124051298.csv,2.090005e-07
1849,c_ALL_20210120124051700.csv,2.40877e-07
1850,c_ALL_20210120124052100.csv,2.178685e-07
1851,c_ALL_20210120124052498.csv,2.484445e-07
1852,c_ALL_20210120124052900.csv,2.179005e-07
1853,c_ALL_20210120124053299.csv,2.15619e-07
1854,c_ALL_20210120124053698.csv,2.29892e-07
1855,c_ALL_20210120124054099.csv,2.270645e-07
1856,c_ALL_20210120124054498.csv,2.27896e-07
1857,c_ALL_20210120124054898.csv,2.378235e-07
1858,c_ALL_20210120124055298.csv,2.18513e-07
1859,c_ALL_20210120124055705.csv,2.053955e-07
1860,c_ALL_20210120124056099.csv,2.325495e-07
1861,c_ALL_20210120124056501.csv,2.09384e-07
1862,c_ALL_20210120124056898.csv,2.312745e-07
1863,c_ALL_20210120124057298.csv,2.21954e-07
1864,c_ALL_20210120124057699.csv,2.3719025e-07
1865,c_ALL_20210120124058098.csv,2.105875e-07
1866,c_ALL_20210120124058500.csv,2.504605e-07
1867,c_ALL_20210120124058899.csv,2.340825e-07
1868,c_ALL_20210120124059298.csv,2.24697e-07
1869,c_ALL_20210120124059704.csv,2.18188e-07
1870,c_ALL_20210120124100100.csv,2.248075e-07
1871,c_ALL_20210120124100499.csv,2.295685e-07
1872,c_ALL_20210120124100908.csv,2.37424e-07
1873,c_ALL_20210120124101300.csv,2.15005e-07
1874,c_ALL_20210120124101698.csv,2.227445e-07
1875,c_ALL_20210120124102098.csv,2.149785e-07
1876,c_ALL_20210120124102502.csv,2.12912e-07
1877,c_ALL_20210120124102901.csv,2.35508e-07
1878,c_ALL_20210120124103299.csv,2.6354625e-07
1879,c_ALL_20210120124103699.csv,2.230125e-07
1880,c_ALL_20210120124104098.csv,2.42558e-07
1881,c_ALL_20210120124104499.csv,2.274515e-07
1882,c_ALL_20210120124104900.csv,2.298475e-07
1883,c_ALL_20210120124105301.csv,2.22859e-07
1884,c_ALL_20210120124105698.csv,2.238955e-07
1885,c_ALL_20210120124106104.csv,1.900105e-07
1886,c_ALL_20210120124106503.csv,2.6231e-07
1887,c_ALL_20210120124106899.csv,2.15944e-07
1888,c_ALL_20210120124107299.csv,2.16106e-07
1889,c_ALL_20210120124107703.csv,2.23171e-07
1890,c_ALL_20210120124108099.csv,2.24837e-07
1891,c_ALL_20210120124108504.csv,2.4595075e-07
1892,c_ALL_20210120124108899.csv,2.06026e-07
1893,c_ALL_20210120124109299.csv,2.313545e-07
1894,c_ALL_20210120124109698.csv,2.368035e-07
1895,c_ALL_20210120124110099.csv,2.28641e-07
1896,c_ALL_20210120124110498.csv,2.34944e-07
1897,c_ALL_20210120124110904.csv,2.33828e-07
1898,c_ALL_20210120124111308.csv,2.02214e-07
1899,c_ALL_20210120124111703.csv,2.231905e-07
1900,c_ALL_20210120124112099.csv,2.1948e-07
1901,c_ALL_20210120124112499.csv,2.140335e-07
1902,c_ALL_20210120124112899.csv,1.9861e-07
1903,c_ALL_20210120124113299.csv,2.262785e-07
1904,c_ALL_20210120124113698.csv,2.32765e-07
1905,c_ALL_20210120124114101.csv,2.4810875e-07
1906,c_ALL_20210120124114500.csv,2.244e-07
1907,c_ALL_20210120124114899.csv,2.355425e-07
1908,c_ALL_20210120124115303.csv,2.1312725e-07
1909,c_ALL_20210120124115699.csv,2.441945e-07
1910,c_ALL_20210120124116100.csv,2.105135e-07
1911,c_ALL_20210120124116509.csv,2.00278e-07
1912,c_ALL_20210120124116900.csv,2.194555e-07
1913,c_ALL_20210120124117304.csv,4.974265e-07
1914,c_ALL_20210120124119304.csv,5.6882425e-07
1915,c_ALL_20210120124119699.csv,2.630535e-07
1916,c_ALL_20210120124120099.csv,2.249765e-07
1917,c_ALL_20210120124120499.csv,2.40158e-07
1918,c_ALL_20210120124120898.csv,2.27359e-07
1919,c_ALL_20210120124121299.csv,2.240025e-07
1920,c_ALL_20210120124121706.csv,2.211425e-07
1921,c_ALL_20210120124122099.csv,2.265095e-07
1922,c_ALL_20210120124122498.csv,2.228585e-07
1923,c_ALL_20210120124122899.csv,2.300355e-07
1924,c_ALL_20210120124123301.csv,2.4329675e-07
1925,c_ALL_20210120124123699.csv,2.5271325e-07
1926,c_ALL_20210120124124103.csv,2.274605e-07
1927,c_ALL_20210120124124500.csv,2.359275e-07
1928,c_ALL_20210120124124898.csv,2.3490925e-07
1929,c_ALL_20210120124125298.csv,2.423555e-07
1930,c_ALL_20210120124125699.csv,2.194065e-07
1931,c_ALL_20210120124126099.csv,2.13132e-07
1932,c_ALL_20210120124126498.csv,2.376815e-07
1933,c_ALL_20210120124126909.csv,2.35786e-07
1934,c_ALL_20210120124127298.csv,2.4499725e-07
1935,c_ALL_20210120124127699.csv,2.292385e-07
1936,c_ALL_20210120124128099.csv,2.46254e-07
1937,c_ALL_20210120124128499.csv,2.04459e-07
1938,c_ALL_20210120124128901.csv,2.66229e-07
1939,c_ALL_20210120124129301.csv,2.11937e-07
1940,c_ALL_20210120124129699.csv,2.33581e-07
1941,c_ALL_20210120124131298.csv,2.0252e-07
1942,c_ALL_20210120124132109.csv,1.9726575e-07
1943,c_ALL_20210120124132898.csv,1.288585e-07
1944,c_ALL_20210120124133299.csv,2.674525e-07
1945,c_ALL_20210120124134099.csv,8.0398275e-07
1946,c_ALL_20210120124134499.csv,2.83819e-07
1947,c_ALL_20210120124135699.csv,2.862105e-07
1948,c_ALL_20210120124136099.csv,2.26285e-07
1949,c_ALL_20210120124136499.csv,2.25211e-07
1950,c_ALL_20210120124136899.csv,2.187995e-07
1951,c_ALL_20210120124137314.csv,2.507865e-07
1952,c_ALL_20210120124137698.csv,2.300845e-07
1953,c_ALL_20210120124138099.csv,2.42122e-07
1954,c_ALL_20210120124138500.csv,2.23388e-07
1955,c_ALL_20210120124138899.csv,2.253535e-07
1956,c_ALL_20210120124139705.csv,1.1196125e-07
1957,c_ALL_20210120124140101.csv,2.02477e-07
1958,c_ALL_20210120124140499.csv,2.41012e-07
1959,c_ALL_20210120124141299.csv,3.996825e-07
1960,c_ALL_20210120124141703.csv,2.49625e-07
1961,c_ALL_20210120124142510.csv,7.2339e-08
1962,c_ALL_20210120124144098.csv,2.61868e-07
1963,c_ALL_20210120124144504.csv,2.1812525e-07
1964,c_ALL_20210120124144899.csv,2.508355e-07
1965,c_ALL_20210120124145299.csv,2.091755e-07
1966,c_ALL_20210120124146899.csv,7.1964525e-07
1967,c_ALL_20210120124147299.csv,2.67159e-07
1968,c_ALL_20210120124148500.csv,2.58975e-07
1969,c_ALL_20210120124148899.csv,2.255435e-07
1970,c_ALL_20210120124149299.csv,2.1697e-07
1971,c_ALL_20210120124149698.csv,2.229505e-07
1972,c_ALL_20210120124150099.csv,1.9353e-07
1973,c_ALL_20210120124150498.csv,2.4950375e-07
1974,c_ALL_20210120124150899.csv,2.208835e-07
1975,c_ALL_20210120124151299.csv,2.304825e-07
1976,c_ALL_20210120124151699.csv,2.246225e-07
1977,c_ALL_20210120124152099.csv,2.37588e-07
1978,c_ALL_20210120124152499.csv,2.04729e-07
1979,c_ALL_20210120124152904.csv,2.17948e-07
1980,c_ALL_20210120124153299.csv,2.32102e-07
1981,c_ALL_20210120124153699.csv,2.2035e-07
1982,c_ALL_20210120124154098.csv,2.545475e-07
1983,c_ALL_20210120124154499.csv,2.1511425e-07
1984,c_ALL_20210120124154899.csv,2.11225e-07
1985,c_ALL_20210120124155300.csv,1.988645e-07
1986,c_ALL_20210120124155699.csv,2.181465e-07
1987,c_ALL_20210120124156099.csv,2.00635e-07
1988,c_ALL_20210120124156501.csv,2.28612e-07
1989,c_ALL_20210120124156901.csv,2.199865e-07
1990,c_ALL_20210120124157299.csv,1.98939e-07
1991,c_ALL_20210120124157699.csv,2.16312e-07
1992,c_ALL_20210120124158105.csv,2.00713e-07
1993,c_ALL_20210120124158499.csv,2.289665e-07
1994,c_ALL_20210120124158899.csv,2.5361e-07
1995,c_ALL_20210120124159299.csv,6.023165e-07
1996,c_ALL_20210120124159700.csv,2.75728e-07
1997,c_ALL_20210120124200099.csv,2.23348e-07
1998,c_ALL_20210120124200499.csv,2.516675e-07
1999,c_ALL_20210120124200899.csv,2.066505e-07
2000,c_ALL_20210120124201299.csv,2.15008e-07
2001,c_ALL_20210120124201699.csv,2.1633025e-07
2002,c_ALL_20210120124202099.csv,2.296545e-07
2003,c_ALL_20210120124202499.csv,2.181445e-07
2004,c_ALL_20210120124202899.csv,2.41464e-07
2005,c_ALL_20210120124203306.csv,1.998845e-07
2006,c_ALL_20210120124203701.csv,2.504315e-07
2007,c_ALL_20210120124204099.csv,2.27338e-07
2008,c_ALL_20210120124204500.csv,2.37287e-07
2009,c_ALL_20210120124204899.csv,2.39402e-07
2010,c_ALL_20210120124205299.csv,2.298745e-07
2011,c_ALL_20210120124205699.csv,2.3662e-07
2012,c_ALL_20210120124206099.csv,2.223845e-07
2013,c_ALL_20210120124206501.csv,2.26735e-07
2014,c_ALL_20210120124206899.csv,2.319995e-07
2015,c_ALL_20210120124207301.csv,2.45526e-07
2016,c_ALL_20210120124207699.csv,2.098255e-07
2017,c_ALL_20210120124208099.csv,2.33456e-07
2018,c_ALL_20210120124208504.csv,2.275515e-07
2019,c_ALL_20210120124208899.csv,2.417155e-07
2020,c_ALL_20210120124209299.csv,2.250495e-07
2021,c_ALL_20210120124209699.csv,2.326705e-07
2022,c_ALL_20210120124210099.csv,2.366745e-07
2023,c_ALL_20210120124210499.csv,2.45204e-07
2024,c_ALL_20210120124210899.csv,2.40815e-07
2025,c_ALL_20210120124211299.csv,2.32304e-07
2026,c_ALL_20210120124211699.csv,2.21799e-07
2027,c_ALL_20210120124212099.csv,2.51891e-07
2028,c_ALL_20210120124212511.csv,2.19891e-07
2029,c_ALL_20210120124212899.csv,2.409495e-07
2030,c_ALL_20210120124213299.csv,2.136495e-07
2031,c_ALL_20210120124213705.csv,2.29869e-07
2032,c_ALL_20210120124214099.csv,2.12322e-07
2033,c_ALL_20210120124214499.csv,2.648415e-07
2034,c_ALL_20210120124214899.csv,2.071665e-07
2035,c_ALL_20210120124215301.csv,2.3290975e-07
2036,c_ALL_20210120124215700.csv,2.32086e-07
2037,c_ALL_20210120124216099.csv,2.30206e-07
2038,c_ALL_20210120124216500.csv,2.406655e-07
2039,c_ALL_20210120124216903.csv,2.29953e-07
2040,c_ALL_20210120124217299.csv,2.3761125e-07
2041,c_ALL_20210120124217699.csv,2.1517e-07
2042,c_ALL_20210120124218104.csv,2.14721e-07
2043,c_ALL_20210120124218499.csv,2.237145e-07
2044,c_ALL_20210120124218905.csv,2.33343e-07
2045,c_ALL_20210120124219300.csv,2.28196e-07
2046,c_ALL_20210120124219699.csv,2.249305e-07
2047,c_ALL_20210120124220099.csv,2.012655e-07
2048,c_ALL_20210120124220501.csv,2.139695e-07
2049,c_ALL_20210120124220899.csv,2.10025e-07
2050,c_ALL_20210120124221299.csv,2.16862e-07
2051,c_ALL_20210120124221700.csv,2.092795e-07
2052,c_ALL_20210120124222099.csv,2.318585e-07
2053,c_ALL_20210120124222499.csv,2.21956e-07
2054,c_ALL_20210120124222899.csv,2.146025e-07
2055,c_ALL_20210120124223298.csv,2.371395e-07
2056,c_ALL_20210120124223699.csv,2.201575e-07
2057,c_ALL_20210120124224104.csv,2.2377275e-07
2058,c_ALL_20210120124224499.csv,2.25029e-07
2059,c_ALL_20210120124224899.csv,2.16635e-07
2060,c_ALL_20210120124225302.csv,2.4928075e-07
2061,c_ALL_20210120124228104.csv,2.390085e-07
2062,c_ALL_20210120124228501.csv,2.35764e-07
2063,c_ALL_20210120124228899.csv,2.23858e-07
2064,c_ALL_20210120124229309.csv,2.3047025e-07
2065,c_ALL_20210120124229699.csv,2.202755e-07
2066,c_ALL_20210120124230099.csv,2.11986e-07
2067,c_ALL_20210120124230499.csv,2.25543e-07
2068,c_ALL_20210120124230899.csv,2.35206e-07
2069,c_ALL_20210120124231304.csv,2.04641e-07
2070,c_ALL_20210120124231699.csv,2.222635e-07
2071,c_ALL_20210120124232099.csv,2.30094e-07
