,Elapsed_Time,Data
0,0.0,1.08050739e-05
1,1.004,1.0741888249999999e-05
2,2.0,1.07856788e-05
3,3.001,1.0870422e-05
4,4.001,1.0787650800000001e-05
5,5.001,1.0803470050000001e-05
6,6.005,1.0789755400000001e-05
7,7.005,1.0759118499999999e-05
8,7.999,1.0832601600000001e-05
9,9.013,1.0754853449999998e-05
10,10.0,1.07137302e-05
11,11.002,1.0719287199999998e-05
12,12.0,1.08027656e-05
13,13.011,1.07648478e-05
14,14.015,1.0715817550000002e-05
15,14.999,1.0767591150000001e-05
16,16.009,1.0719858999999998e-05
17,17.005,1.073345585e-05
18,18.001,1.0751864399999999e-05
19,18.999,1.06542968e-05
20,20.006,1.0734513e-05
21,20.999,1.0746738399999999e-05
22,22.0,1.0716772800000002e-05
23,23.0,1.0708210800000002e-05
24,24.0,1.0725724400000002e-05
25,25.003,1.07143418e-05
26,26.013,1.0730121199999998e-05
27,27.003,1.0673219199999998e-05
28,28.002,1.0679420949999998e-05
29,29.002,1.0682991750000002e-05
30,30.0,1.06593469e-05
31,31.005,1.0580873199999998e-05
32,32.0,1.078412265e-05
33,33.001,1.0580175199999999e-05
34,34.0,1.05709058e-05
35,35.002,1.07071633e-05
36,36.005,1.0684617e-05
37,37.008,1.063086775e-05
38,38.0,1.06455564e-05
39,39.005,1.0678524400000002e-05
40,40.007,1.06594734e-05
41,41.005,1.05925982e-05
42,42.0,1.06811164e-05
43,43.01,1.07189524e-05
44,44.0,1.07288427e-05
45,45.0,1.07611202e-05
46,46.008,1.0653749800000001e-05
47,47.016,1.0766840749999998e-05
48,48.0,1.0637365500000001e-05
49,49.005,1.07464132e-05
50,50.013,1.0673824849999999e-05
51,51.001,1.0735867000000001e-05
52,52.0,1.0665375449999998e-05
53,53.004,1.065968205e-05
54,54.0,1.0706305400000001e-05
55,55.007,1.0563952e-05
56,56.0,1.052464785e-05
57,57.017,1.051956425e-05
58,58.0,1.0605011999999999e-05
59,59.004,1.04982182e-05
60,60.0,1.06852316e-05
61,61.013,1.059190325e-05
62,62.0,1.0689720600000001e-05
63,63.016,1.0572781e-05
64,64.0,1.0630243449999998e-05
65,65.01,1.0552905349999998e-05
66,66.0,1.057467835e-05
67,66.999,1.0521517850000001e-05
68,68.0,1.04723108e-05
69,69.004,1.0523334e-05
70,70.0,1.049051275e-05
71,71.003,1.0518394000000001e-05
72,72.012,1.0518925050000001e-05
73,73.01,1.0488654800000002e-05
74,74.014,1.0434329450000001e-05
75,75.005,1.0515840349999999e-05
76,76.0,1.04505304e-05
77,77.0,1.0598397e-05
78,78.0,1.06581895e-05
79,78.999,1.0505159000000002e-05
80,79.999,1.0527454e-05
81,80.999,1.0551884599999999e-05
82,82.0,1.04430412e-05
83,83.003,1.0590058800000002e-05
84,84.0,1.0407746e-05
85,85.005,1.0521727800000001e-05
86,86.011,1.0595969e-05
87,87.016,1.05190247e-05
88,88.0,1.04415036e-05
89,89.0,1.0457471800000001e-05
90,90.0,1.0447220649999999e-05
91,91.001,1.0483205e-05
92,92.0,1.054100095e-05
93,92.999,1.0482209e-05
94,94.001,1.0588273999999999e-05
95,95.009,1.0566066599999999e-05
96,96.001,1.0589355399999999e-05
97,97.0,1.0518550400000001e-05
98,98.0,1.0444755199999999e-05
99,99.011,1.0361570750000001e-05
100,100.0,1.0586325950000001e-05
101,100.999,1.04949121e-05
102,102.001,1.0450253499999998e-05
103,103.0,1.0444519599999998e-05
104,104.0,1.0620325350000001e-05
105,105.017,1.0518465199999998e-05
106,106.009,1.0391611e-05
107,107.004,1.03929792e-05
108,108.0,1.0396311499999999e-05
109,109.003,1.04590292e-05
110,110.0,1.0525064400000002e-05
111,111.0,1.0373878199999999e-05
112,112.012,1.0577708599999999e-05
113,112.999,1.0308092199999998e-05
114,114.0,1.048262475e-05
115,115.01,1.0593741e-05
116,116.0,1.0480661599999999e-05
117,117.013,1.049910075e-05
118,118.001,1.0404850800000002e-05
119,119.004,1.041781e-05
120,120.0,1.0310065949999998e-05
121,121.0,1.0458867e-05
122,122.0,1.05152076e-05
123,123.004,1.05034617e-05
124,124.0,1.0436214600000001e-05
125,125.0,1.05937116e-05
126,126.0,1.0386582599999999e-05
127,127.0,1.0438165099999999e-05
128,128.001,1.02793365e-05
129,129.004,1.0496072999999999e-05
130,130.0,1.0538840199999999e-05
131,131.0,1.049185565e-05
132,132.0,1.05426424e-05
133,133.013,1.0483836e-05
134,134.0,1.047748375e-05
135,135.014,1.048154515e-05
136,136.001,1.0346923800000002e-05
137,137.009,1.02941896e-05
138,138.0,1.0261827599999999e-05
139,139.0,1.0336759150000001e-05
140,140.0,1.05436168e-05
141,141.0,1.037226005e-05
142,142.0,1.03514388e-05
143,143.004,1.042177905e-05
144,144.004,1.0365019400000002e-05
145,145.0,1.03278916e-05
146,146.001,1.035998325e-05
147,147.001,1.01125949e-05
148,148.0,1.0443208e-05
149,149.004,1.0269336849999999e-05
150,150.0,1.0226472e-05
151,151.008,1.02754839e-05
152,152.0,1.0252625e-05
153,153.0,1.0235045000000001e-05
154,154.007,1.01660176e-05
155,155.001,1.0281397e-05
156,156.001,1.0244836150000001e-05
157,157.001,1.0428083999999999e-05
158,158.001,1.01356033e-05
159,159.0,1.0265330349999999e-05
160,160.001,1.0444717800000001e-05
161,161.001,1.0334428e-05
162,162.003,1.0407086999999998e-05
163,163.008,1.0299922e-05
164,164.0,1.0332035200000001e-05
165,165.011,1.01976766e-05
166,166.003,1.01682256e-05
167,166.999,1.0168387150000001e-05
168,168.004,1.03683086e-05
169,169.006,1.024764995e-05
170,170.001,1.0408187050000002e-05
171,171.0,1.02523854e-05
172,172.001,1.01475113e-05
173,173.0,1.04531474e-05
174,174.015,1.035438915e-05
175,175.002,1.016610385e-05
176,176.002,1.01738967e-05
177,177.027,1.02527268e-05
178,178.001,1.0157926199999999e-05
179,179.002,1.017702525e-05
180,180.008,1.00519538e-05
181,181.008,1.008418605e-05
182,182.0,1.0225159e-05
183,183.002,1.03003147e-05
184,184.013,1.0235876699999999e-05
185,185.0,1.0193544800000001e-05
186,186.014,1.02057274e-05
187,187.006,1.0288550599999998e-05
188,188.007,1.0263242400000002e-05
189,189.001,1.025591845e-05
190,190.001,1.02454874e-05
191,191.0,1.05900746e-05
192,192.001,1.02624136e-05
193,193.01,1.0312896900000001e-05
194,194.001,1.02831954e-05
195,195.0,1.03147164e-05
196,196.015,1.03205204e-05
197,197.005,1.029345375e-05
198,198.007,1.037123545e-05
199,310.007,1.0099889999999999e-05
200,311.002,1.0175695400000001e-05
201,312.0,1.011151845e-05
202,313.001,1.0047977800000001e-05
203,314.003,1.00046519e-05
204,315.014,9.9073226e-06
205,316.012,1.0261798800000001e-05
206,317.008,1.028478755e-05
207,318.005,1.01246464e-05
208,319.005,1.00447647e-05
209,320.003,1.01153068e-05
210,321.002,1.013875775e-05
211,322.002,1.0003474199999999e-05
212,323.002,1.0364103400000001e-05
213,324.002,1.0300128400000001e-05
214,325.017,1.0085783050000002e-05
215,326.002,1.01575305e-05
216,327.016,1.0218312e-05
217,328.0,1.01321786e-05
218,329.007,9.953977800000002e-06
219,330.014,1.00566038e-05
220,331.014,1.016816875e-05
221,332.002,9.89296565e-06
222,333.005,1.0029796099999999e-05
223,334.001,1.0064508199999998e-05
224,335.007,1.0066704800000002e-05
225,336.001,1.0105055599999999e-05
226,337.003,1.00781552e-05
227,338.004,1.0312811650000001e-05
228,339.013,9.866259e-06
229,340.004,1.000386695e-05
230,341.014,1.01703954e-05
231,342.001,1.0119807e-05
232,343.006,1.0193594800000002e-05
233,344.013,1.01220174e-05
234,345.01,9.9640342e-06
235,346.004,1.0206937349999999e-05
236,347.001,1.0193504199999999e-05
237,348.0,1.02133166e-05
238,349.007,1.0083119e-05
239,350.001,1.02593624e-05
240,351.014,1.0104050949999999e-05
241,352.008,1.0299185449999999e-05
242,353.021,1.0052284400000001e-05
243,354.001,9.84911945e-06
244,355.006,1.01816132e-05
245,356.003,1.00064891e-05
246,357.008,1.001018975e-05
247,358.018,9.7737654e-06
248,359.001,1.00199508e-05
249,360.007,1.016914545e-05
250,361.016,1.003597805e-05
251,362.009,1.0379069199999999e-05
252,363.007,1.003326425e-05
253,364.002,1.01712566e-05
254,365.006,1.0027570400000001e-05
255,366.002,1.017236365e-05
256,367.006,1.00605389e-05
257,368.004,1.02674734e-05
258,369.003,1.00275906e-05
259,370.006,9.8825478e-06
260,371.002,1.00489128e-05
261,372.001,9.9256816e-06
262,373.007,1.0103943000000001e-05
263,374.003,1.00290194e-05
264,375.006,9.644771449999999e-06
265,376.007,9.8288956e-06
266,377.016,9.9211723e-06
267,378.002,9.819992050000001e-06
268,379.002,1.01995464e-05
269,380.018,9.9930556e-06
270,381.004,1.0183070949999999e-05
271,382.001,9.8201612e-06
272,383.002,1.01482072e-05
273,384.001,1.0358846e-05
274,385.002,1.00576576e-05
275,386.008,1.0119988400000002e-05
276,387.012,9.9121246e-06
277,388.002,9.89646065e-06
278,389.002,9.9866909e-06
279,390.005,1.012155745e-05
280,391.007,9.92085425e-06
281,392.001,9.91117665e-06
282,393.005,1.004368425e-05
283,394.01,9.93943545e-06
284,395.005,1.0165098400000001e-05
285,396.002,1.005062885e-05
286,397.002,1.0087893449999998e-05
287,398.001,9.5266584e-06
288,399.008,1.00000488e-05
289,400.016,9.944382400000001e-06
290,401.002,9.970574e-06
291,402.003,1.0051468999999999e-05
292,403.016,9.96354795e-06
293,404.002,1.005983835e-05
294,405.015,1.01180344e-05
295,406.017,9.7959604e-06
296,407.014,9.791846199999999e-06
297,408.014,1.003412825e-05
298,409.006,1.0062204000000001e-05
299,410.007,1.0013185e-05
300,411.016,9.907661199999998e-06
301,412.001,9.94621795e-06
302,413.017,9.5768051e-06
303,414.002,1.0136474599999999e-05
304,415.012,1.00607574e-05
305,416.012,1.002022375e-05
306,417.007,9.95938695e-06
307,418.006,1.00457658e-05
308,419.016,1.01385592e-05
309,420.013,9.8159108e-06
310,421.016,1.00099536e-05
311,422.009,9.771081199999998e-06
312,423.005,9.93878295e-06
313,424.004,9.815583300000001e-06
314,425.017,9.77069525e-06
315,426.002,1.005039535e-05
316,427.002,1.02600932e-05
317,428.001,1.00003562e-05
318,429.002,9.3499066e-06
319,430.01,9.428015400000001e-06
320,431.003,9.1158384e-06
321,432.007,1.0075513399999999e-05
322,433.002,9.79752965e-06
323,434.009,9.665140699999999e-06
324,435.002,1.00797546e-05
325,436.015,9.29265095e-06
326,437.014,9.8194294e-06
327,438.002,1.00608395e-05
328,439.016,9.7353654e-06
329,440.013,9.7709124e-06
330,441.007,9.969514800000001e-06
331,442.004,1.0146592199999998e-05
332,443.008,9.88897635e-06
333,444.012,1.0251751800000001e-05
334,445.002,9.92233975e-06
335,446.01,9.56909185e-06
336,447.015,1.0382627600000001e-05
337,448.001,1.006203125e-05
338,449.016,9.7357314e-06
339,450.011,9.707713650000001e-06
340,451.008,1.0003443599999999e-05
341,452.005,9.998228e-06
342,453.004,9.459225199999999e-06
343,454.008,1.0066217e-05
344,455.007,9.72249415e-06
345,456.018,9.824514199999999e-06
346,457.002,9.0984224e-06
347,458.002,9.8921456e-06
348,459.015,9.8355212e-06
349,460.002,9.3776534e-06
350,461.016,9.7434418e-06
351,462.001,9.437297800000002e-06
352,463.002,9.908834849999999e-06
353,464.01,9.7260874e-06
354,465.014,9.8780044e-06
355,466.011,1.0216605400000002e-05
356,467.014,1.0227562699999999e-05
357,468.002,9.8817336e-06
358,469.012,9.928189599999999e-06
359,470.013,9.9920189e-06
360,471.011,9.99729065e-06
361,472.003,9.438627050000001e-06
362,473.017,9.6583262e-06
363,474.002,9.8804258e-06
364,475.005,9.95087525e-06
365,476.011,9.5204024e-06
366,477.003,9.933304500000001e-06
367,478.008,9.8442376e-06
368,479.006,9.44127725e-06
369,480.002,1.007947745e-05
370,481.01,9.3372264e-06
371,482.008,9.8982154e-06
372,483.018,1.00197348e-05
373,484.017,8.9020708e-06
374,485.011,9.40673585e-06
375,486.017,9.34430695e-06
376,487.002,1.00089509e-05
377,488.006,9.891100699999999e-06
378,489.016,9.8704606e-06
379,490.002,9.666627199999999e-06
380,491.016,8.8727308e-06
381,492.006,9.670282800000002e-06
382,493.008,1.006320105e-05
383,494.015,9.63669325e-06
384,495.011,9.721133699999999e-06
385,496.002,9.8778962e-06
386,497.014,9.1713002e-06
387,498.002,9.840304699999998e-06
388,499.008,9.195152199999998e-06
389,500.007,9.2565012e-06
390,501.015,9.8323326e-06
391,502.006,9.84388815e-06
392,503.016,9.1827654e-06
393,504.017,1.00465374e-05
394,505.005,9.7698416e-06
395,506.004,1.0015680800000001e-05
396,507.012,9.5745854e-06
397,508.009,9.580852199999999e-06
398,509.014,9.5296563e-06
399,510.007,9.0741522e-06
400,511.003,1.000805695e-05
401,512.015,9.2700156e-06
402,513.002,9.6195591e-06
403,514.005,9.622280000000001e-06
404,515.003,9.8064982e-06
405,516.011,9.9111517e-06
406,517.007,9.593961400000001e-06
407,518.008,9.994557e-06
408,519.016,9.40421975e-06
409,520.022,9.870294400000001e-06
410,521.016,9.876288300000001e-06
411,522.006,9.294162050000002e-06
412,523.003,9.3192784e-06
413,524.002,9.6595642e-06
414,525.017,9.85031475e-06
415,526.017,9.966315499999999e-06
416,527.005,9.3071514e-06
417,528.006,9.3918558e-06
418,529.002,9.553119949999999e-06
419,530.008,9.82307595e-06
420,531.017,9.847042199999999e-06
421,532.009,9.374912199999998e-06
422,533.003,9.671541599999999e-06
423,534.011,9.572344449999999e-06
424,535.002,9.6105401e-06
425,536.008,1.04927742e-05
426,537.008,9.94974e-06
427,538.011,8.88805615e-06
428,539.006,9.107326400000001e-06
429,540.003,1.0009663199999999e-05
430,541.008,9.7413858e-06
431,542.018,9.73902875e-06
432,543.015,9.509053800000001e-06
433,544.013,9.64191225e-06
434,545.003,8.8501024e-06
435,546.012,9.9163792e-06
436,547.017,9.59696675e-06
437,548.007,1.0015422e-05
438,549.017,9.5430112e-06
439,550.002,8.9390931e-06
440,551.008,9.103989400000001e-06
441,552.002,1.00745746e-05
442,553.017,9.7797462e-06
443,554.002,9.244772199999998e-06
444,555.015,8.6881871e-06
445,556.006,9.490857800000001e-06
446,557.008,9.8724812e-06
447,558.002,8.9538808e-06
448,559.017,9.7835694e-06
449,560.002,9.22281355e-06
450,561.005,9.3168196e-06
451,562.013,9.4893342e-06
452,563.008,9.502841199999999e-06
453,564.002,8.805218499999999e-06
454,565.002,8.715388800000001e-06
455,566.002,9.3280849e-06
456,567.016,9.0572358e-06
457,568.003,9.8375883e-06
458,569.011,9.3669184e-06
459,570.008,9.381895599999998e-06
460,571.015,1.0322013750000001e-05
461,572.006,9.261623199999999e-06
462,573.016,1.0133283e-05
463,574.016,9.8263964e-06
464,575.003,9.7212824e-06
465,576.017,9.75449165e-06
466,577.015,9.224121599999999e-06
467,578.004,8.874655449999999e-06
468,579.004,9.3552621e-06
469,580.014,9.143809949999999e-06
470,581.015,9.6474116e-06
471,582.007,8.995931000000001e-06
472,583.008,8.89413685e-06
473,584.002,9.286906e-06
474,585.015,9.567485199999998e-06
475,586.019,9.173941499999999e-06
476,587.003,8.466896199999999e-06
477,588.005,9.7552998e-06
478,589.012,9.6765392e-06
479,590.004,8.656777900000001e-06
480,591.008,9.050961050000001e-06
481,592.003,9.1541198e-06
482,593.003,9.164500199999998e-06
483,594.011,9.216589199999999e-06
484,595.017,8.676106300000001e-06
485,596.003,1.03477656e-05
486,597.016,8.631021199999998e-06
487,598.019,9.50646665e-06
488,599.005,9.37056025e-06
489,600.016,9.210272e-06
490,601.011,9.081841099999999e-06
491,602.002,9.8847224e-06
492,603.003,8.93038655e-06
493,604.003,8.676665e-06
494,605.003,9.4910912e-06
495,606.004,9.49484735e-06
496,607.013,9.3728661e-06
497,608.009,8.595475650000001e-06
498,609.015,9.18083335e-06
499,610.006,9.5336188e-06
500,611.011,8.87862355e-06
501,612.015,9.1911047e-06
502,613.012,9.54375555e-06
503,614.007,9.8817894e-06
504,615.013,1.00279206e-05
505,616.014,9.430794e-06
506,617.004,9.905089000000001e-06
507,618.004,9.063365999999999e-06
508,619.005,1.0024697599999999e-05
509,620.004,9.408068e-06
510,621.018,9.3485968e-06
511,622.002,9.2166861e-06
512,623.004,9.690246400000001e-06
513,624.003,1.0010826849999999e-05
514,625.016,9.230895800000001e-06
515,626.002,9.31992195e-06
516,627.015,8.9022314e-06
517,628.016,9.276814699999999e-06
518,629.004,1.0045328e-05
519,630.002,8.93664485e-06
520,631.003,8.71255245e-06
521,632.003,9.8935114e-06
522,633.015,9.22348805e-06
523,634.004,8.68955895e-06
524,635.004,9.3072514e-06
525,636.007,9.102735199999999e-06
526,637.017,9.0113672e-06
527,638.007,9.779516550000001e-06
528,639.01,9.327547199999998e-06
529,640.017,9.6743705e-06
530,641.018,8.983072800000002e-06
531,642.004,9.5811136e-06
532,643.005,9.2613124e-06
533,644.007,9.285287150000001e-06
534,645.014,9.0567809e-06
535,646.002,7.425034099999999e-06
536,647.008,9.2517669e-06
537,648.002,7.753041599999999e-06
538,649.012,9.2507022e-06
539,650.014,9.7348362e-06
540,651.017,9.701818800000001e-06
541,652.006,9.70979345e-06
542,653.015,1.0067464999999999e-05
543,654.006,9.493660800000002e-06
544,655.019,8.6569281e-06
545,656.003,9.50620725e-06
546,657.018,8.86938765e-06
547,658.002,8.49176785e-06
548,659.003,8.995263e-06
549,660.004,8.8455723e-06
550,661.018,8.719999800000001e-06
551,662.004,8.893438800000002e-06
552,663.017,9.77238445e-06
553,664.017,9.82466445e-06
554,665.015,9.2464081e-06
555,666.015,9.784093199999999e-06
556,667.009,8.994819599999999e-06
557,668.007,8.424182599999998e-06
558,669.007,8.860619400000001e-06
559,670.006,9.2722324e-06
560,671.014,8.7400306e-06
561,672.014,8.9951858e-06
562,673.016,9.702961449999999e-06
563,674.01,9.034594050000001e-06
564,675.008,8.08497215e-06
565,676.014,9.6457526e-06
566,677.004,8.8779527e-06
567,678.003,9.13211555e-06
568,679.009,9.375045199999999e-06
569,680.018,8.86245755e-06
570,681.012,9.841859199999999e-06
571,682.003,9.4338344e-06
572,683.01,8.0571078e-06
573,684.002,9.8008264e-06
574,685.017,8.5924954e-06
575,686.017,8.91148865e-06
576,687.004,9.6429314e-06
577,688.02,8.920405199999999e-06
578,689.008,9.597098300000001e-06
579,690.003,9.2330078e-06
580,691.008,9.12020605e-06
581,692.002,9.1474274e-06
582,693.007,8.8802594e-06
583,694.013,1.0090280199999999e-05
584,695.004,9.355492800000001e-06
585,696.003,9.0804481e-06
586,697.009,9.9291213e-06
587,698.003,8.760589250000001e-06
588,699.009,9.026716800000001e-06
589,700.004,9.4828803e-06
590,701.017,9.350306199999999e-06
591,702.009,9.2885972e-06
592,703.009,7.818468e-06
593,704.006,9.891805699999999e-06
594,705.004,8.24698135e-06
595,706.003,9.5155432e-06
596,707.005,1.0013089199999999e-05
597,708.003,8.8594475e-06
598,709.014,8.75382525e-06
599,710.01,9.6905122e-06
600,711.009,9.668458099999999e-06
601,712.003,9.795587100000001e-06
602,713.01,8.4966758e-06
603,714.003,8.054499200000001e-06
604,715.006,8.788807e-06
605,716.016,9.2114616e-06
606,717.004,9.5881302e-06
607,718.004,9.23222455e-06
608,719.01,9.65992175e-06
609,720.004,8.892555550000001e-06
610,721.013,8.3194097e-06
611,722.002,9.4318204e-06
612,723.007,9.262549e-06
613,724.008,8.99643615e-06
614,725.018,8.67253465e-06
615,726.004,1.0051290199999999e-05
616,727.017,8.872966e-06
617,728.003,9.5326214e-06
618,729.004,9.052167599999999e-06
619,730.005,8.708113599999999e-06
620,731.018,8.64960975e-06
621,732.003,8.60977875e-06
622,733.009,8.5311176e-06
623,734.003,9.191865e-06
624,735.004,8.792160199999999e-06
625,736.015,8.463902000000001e-06
626,737.018,8.715417e-06
627,738.003,8.3427142e-06
628,739.024,9.014020449999999e-06
629,740.003,9.0344302e-06
630,741.005,9.1748154e-06
631,742.006,9.353340349999999e-06
632,743.016,8.6945586e-06
633,744.005,1.0017971250000001e-05
634,745.016,9.295995449999999e-06
635,746.009,9.5744277e-06
636,747.007,8.298580599999999e-06
637,748.004,9.46653265e-06
638,749.007,8.585479e-06
639,750.004,9.01452065e-06
640,751.005,9.4080842e-06
641,752.003,9.314003150000002e-06
642,753.004,8.668509300000001e-06
643,754.003,9.5326412e-06
644,755.004,9.31678955e-06
645,756.004,8.344305799999999e-06
646,757.016,8.0820696e-06
647,758.005,7.091779749999999e-06
648,759.007,9.3939968e-06
649,760.004,8.9261747e-06
650,761.004,8.589032e-06
651,762.006,8.628212999999999e-06
652,763.018,8.3542049e-06
653,764.009,8.868887e-06
654,765.013,9.132479150000001e-06
655,766.003,7.272209e-06
656,767.004,8.047058e-06
657,768.004,9.0500938e-06
658,769.018,8.96896285e-06
659,770.016,9.597527449999999e-06
660,771.018,9.3179173e-06
661,772.004,8.19243615e-06
662,773.004,7.5713448e-06
663,774.007,8.991025599999999e-06
664,775.005,9.473527650000001e-06
665,776.005,9.5344848e-06
666,777.008,7.70892595e-06
667,778.006,8.554924800000002e-06
668,779.018,8.574031599999999e-06
669,780.006,8.03205435e-06
670,781.017,9.158359949999998e-06
671,782.015,8.9945057e-06
672,783.018,8.743378e-06
673,784.008,9.4085518e-06
674,785.004,9.45017575e-06
675,786.005,9.5280678e-06
676,787.012,9.138689999999999e-06
677,788.003,8.057161800000001e-06
678,789.018,9.018095199999999e-06
679,790.005,9.252547e-06
680,791.018,9.186103800000001e-06
681,792.017,7.6590926e-06
682,793.004,9.372425300000002e-06
683,794.004,8.75514555e-06
684,795.008,9.276161300000001e-06
685,796.004,8.709685400000001e-06
686,797.008,9.1105398e-06
687,798.004,9.118973800000001e-06
688,799.004,8.756085400000001e-06
689,800.005,9.559374050000002e-06
690,801.016,8.38877845e-06
691,802.012,7.6002116e-06
692,803.01,6.998872e-06
693,804.015,9.01700405e-06
694,805.018,8.932682599999999e-06
695,806.004,9.746224650000001e-06
696,807.005,9.66164955e-06
697,808.004,9.0870234e-06
698,809.004,7.7284868e-06
699,810.004,8.0556441e-06
700,811.004,9.5828696e-06
701,812.009,9.644394800000002e-06
702,853.005,9.15573775e-06
703,854.003,8.415122e-06
704,855.007,7.3131319000000004e-06
705,856.004,8.989049199999999e-06
706,857.009,9.2257888e-06
707,858.004,9.033100900000001e-06
708,859.01,8.23081245e-06
709,860.011,8.5651504e-06
710,861.017,9.1521908e-06
711,862.009,9.29130735e-06
712,863.008,7.2407267e-06
713,864.003,9.391685e-06
714,865.015,8.789041e-06
715,866.011,9.4142289e-06
716,867.016,7.234239e-06
717,868.008,9.571402e-06
718,869.011,8.7751159e-06
719,870.005,9.722677449999999e-06
720,871.01,8.8592224e-06
721,872.005,9.576108800000001e-06
722,873.004,8.628469650000001e-06
723,874.012,8.823298150000001e-06
724,875.016,9.4211596e-06
725,876.008,7.9797312e-06
726,877.019,8.8667584e-06
727,878.005,6.217660400000001e-06
728,879.017,7.351838249999999e-06
729,880.004,7.60628765e-06
730,881.019,9.03624625e-06
731,882.015,7.641780650000001e-06
732,883.009,8.8240176e-06
733,884.004,8.2774624e-06
734,885.018,9.8697786e-06
735,886.014,8.647256199999999e-06
736,887.009,8.514851999999999e-06
737,888.016,8.318768800000001e-06
738,889.011,8.740855849999998e-06
739,890.009,8.1368894e-06
740,891.018,7.799108700000001e-06
741,892.005,8.11147875e-06
742,893.005,8.6016721e-06
743,894.014,6.72476855e-06
744,895.018,9.475802e-06
745,896.015,9.316255e-06
746,897.018,8.1813742e-06
747,898.017,7.43367525e-06
748,899.005,8.483832e-06
749,900.004,8.1226876e-06
750,901.005,7.1187099e-06
751,902.008,8.8184456e-06
752,903.015,9.1794262e-06
753,904.008,9.37333805e-06
754,905.005,8.22129045e-06
755,906.014,8.1848462e-06
756,907.005,7.6502838e-06
757,908.005,8.1982202e-06
758,909.008,8.7390528e-06
759,910.007,8.661714599999998e-06
760,911.009,8.6878399e-06
761,912.019,8.1446591e-06
762,913.017,7.9924698e-06
763,914.004,7.89631415e-06
764,915.006,6.9758556e-06
765,916.004,8.59133105e-06
766,917.006,8.6981922e-06
767,918.016,7.3381137e-06
768,919.005,7.26564595e-06
769,920.006,8.549376599999999e-06
770,921.018,8.691391800000001e-06
771,922.004,7.343838e-06
772,923.006,7.955283900000001e-06
773,924.004,7.9083186e-06
774,925.008,7.9245706e-06
775,926.004,8.787163800000001e-06
776,927.018,8.518309199999999e-06
777,928.01,8.535421e-06
778,929.005,8.39458935e-06
779,930.015,9.5084109e-06
780,931.009,9.16151725e-06
781,932.005,9.77791065e-06
782,933.005,7.877128e-06
783,934.006,9.6348772e-06
784,935.005,7.4965714e-06
785,936.007,7.8190298e-06
786,937.019,9.178967949999998e-06
787,938.009,9.879917400000001e-06
788,939.012,8.91856205e-06
789,940.005,6.8986766e-06
790,941.005,8.634665e-06
791,942.004,8.651983e-06
792,943.016,8.6573381e-06
793,944.015,7.6548452e-06
794,945.019,7.812880800000001e-06
795,946.015,9.0893796e-06
796,947.005,8.1778544e-06
797,948.004,8.5307521e-06
798,949.011,7.0081078e-06
799,950.014,9.6205398e-06
800,951.008,7.4981485999999995e-06
801,952.016,9.0452884e-06
802,953.005,9.46552e-06
803,954.016,8.563809250000001e-06
804,955.01,8.618755449999999e-06
805,956.012,9.02742015e-06
806,957.019,7.382605599999999e-06
807,958.016,9.865862499999999e-06
808,959.005,9.860032800000001e-06
809,960.006,9.4412804e-06
810,961.018,9.23797e-06
811,962.005,8.949090800000001e-06
812,963.011,8.53619875e-06
813,964.012,8.59401935e-06
814,965.006,9.275159449999999e-06
815,966.008,8.24618915e-06
816,967.008,9.53823165e-06
817,968.006,8.56236475e-06
818,969.005,8.4040337e-06
819,970.006,7.9475798e-06
820,971.018,9.6998074e-06
821,972.008,8.717987500000001e-06
822,973.01,8.8165766e-06
823,974.004,9.4748252e-06
824,975.008,7.248731249999999e-06
825,976.005,7.4159461999999995e-06
826,977.006,8.9594857e-06
827,978.004,8.864604e-06
828,979.005,8.7935392e-06
829,980.004,8.94129475e-06
830,981.015,8.93790675e-06
831,982.02,8.392488150000001e-06
832,983.005,8.723836e-06
833,984.011,8.168462e-06
834,985.017,9.124641650000002e-06
835,986.006,9.4952504e-06
836,987.005,8.169846150000001e-06
837,988.015,7.8622932e-06
838,989.01,9.100795e-06
839,990.005,8.75933625e-06
840,991.007,6.52313445e-06
841,992.004,8.8884757e-06
842,993.006,9.0390128e-06
843,994.011,8.58582e-06
844,995.011,9.25020055e-06
845,996.007,8.268655999999999e-06
846,997.011,6.9266355999999994e-06
847,998.006,7.8552208e-06
848,999.006,8.13236465e-06
849,1000.009,9.28976025e-06
850,1001.02,8.80189455e-06
851,1002.009,7.76602245e-06
852,1003.014,8.8753538e-06
853,1004.015,8.969087400000001e-06
854,1005.005,7.9105198e-06
855,1006.005,7.299462549999999e-06
856,1007.009,8.955738e-06
857,1008.006,9.1374402e-06
858,1009.005,9.0771744e-06
859,1010.005,9.4382402e-06
860,1011.019,9.087867e-06
861,1012.004,8.82623965e-06
862,1013.012,6.222984e-06
863,1014.013,6.0461132e-06
864,1015.014,8.12326985e-06
865,1016.004,8.7601234e-06
866,1017.012,8.355151900000001e-06
867,1018.016,9.2094152e-06
868,1019.022,8.892047199999999e-06
869,1020.005,6.813444400000001e-06
870,1021.006,7.369068650000001e-06
871,1022.007,9.4783509e-06
872,1023.007,8.60161245e-06
873,1024.018,8.588215449999998e-06
874,1025.005,7.325978599999999e-06
875,1026.004,8.090398299999999e-06
876,1027.02,6.166418200000001e-06
877,1028.005,7.8607318e-06
878,1029.008,8.8867254e-06
879,1030.007,7.9816664e-06
880,1031.013,9.3005255e-06
881,1032.006,8.88217385e-06
882,1033.018,8.95762935e-06
883,1034.004,7.3968908e-06
884,1035.012,7.93484665e-06
885,1036.019,9.553362400000002e-06
886,1037.019,8.6792554e-06
887,1038.016,8.362309000000001e-06
888,1039.016,7.8010776e-06
889,1040.011,8.972810550000001e-06
890,1041.011,9.3670146e-06
891,1042.015,7.850764799999999e-06
892,1043.02,8.21516135e-06
893,1044.005,8.52477085e-06
894,1045.022,9.10309065e-06
895,1046.009,8.721127e-06
896,1047.007,8.3036541e-06
897,1048.012,8.56659215e-06
898,1049.016,7.37931125e-06
899,1050.016,8.83723275e-06
900,1051.006,9.0574314e-06
901,1052.005,8.7635266e-06
902,1053.02,8.19061135e-06
903,1054.005,8.7056256e-06
904,1055.019,8.875002e-06
905,1056.006,8.46468775e-06
906,1057.019,8.6109237e-06
907,1058.008,8.68866165e-06
908,1059.007,7.693141e-06
909,1060.01,6.885649e-06
910,1061.006,8.2457604e-06
911,1062.01,8.4565794e-06
912,1063.01,7.914695e-06
913,1064.005,8.7886234e-06
914,1065.006,9.1849636e-06
915,1066.023,8.652547599999999e-06
916,1067.02,9.4095804e-06
917,1068.005,8.393595800000001e-06
918,1069.005,9.876610800000002e-06
919,1070.01,9.917921e-06
920,1071.011,9.5839652e-06
921,1072.005,8.5391201e-06
922,1073.007,8.158252800000001e-06
923,1074.005,7.31549205e-06
924,1075.012,6.9147104000000005e-06
925,1076.016,8.35056335e-06
926,1077.006,8.906619099999999e-06
927,1078.011,8.045204200000001e-06
928,1079.012,7.288373799999999e-06
929,1080.012,9.007184e-06
930,1081.006,7.5660022e-06
931,1082.009,6.10245495e-06
932,1083.01,8.714525e-06
933,1084.012,9.585432599999999e-06
934,1085.006,9.13995215e-06
935,1086.005,7.901183549999999e-06
936,1087.013,9.926362800000001e-06
937,1088.006,9.4688711e-06
938,1089.009,7.93454335e-06
939,1090.005,8.114442700000001e-06
940,1091.02,7.7089473e-06
941,1092.007,8.4688581e-06
942,1093.006,8.5411352e-06
943,1094.012,8.9339642e-06
944,1095.009,9.144683099999999e-06
945,1096.005,7.5350127e-06
946,1097.017,9.0349716e-06
947,1098.005,7.3357822e-06
948,1099.006,7.9245148e-06
949,1100.019,8.06256845e-06
950,1101.006,8.8915686e-06
951,1102.005,8.32479005e-06
952,1103.006,9.48020565e-06
953,1104.005,9.5053328e-06
954,1105.02,8.1466296e-06
955,1106.009,9.725526449999999e-06
956,1107.006,7.333025e-06
957,1108.012,8.0568754e-06
958,1109.011,7.5248795499999995e-06
959,1110.007,7.9909728e-06
960,1111.006,8.5220936e-06
961,1112.013,9.672994800000002e-06
962,1113.011,8.557585e-06
963,1114.013,9.4689206e-06
964,1115.02,9.2472557e-06
965,1116.018,9.03885245e-06
966,1117.006,8.275212e-06
967,1118.007,4.8794162e-06
968,1119.019,8.766061800000002e-06
969,1120.01,8.497087e-06
970,1121.01,9.3311915e-06
971,1122.023,9.5546834e-06
972,1123.006,8.6227948e-06
973,1124.006,9.106269300000001e-06
974,1125.017,8.0360758e-06
975,1126.012,7.7185662e-06
976,1127.021,8.85605125e-06
977,1128.02,8.575694800000001e-06
978,1129.006,7.8645718e-06
979,1130.015,8.36613365e-06
980,1131.021,8.0622858e-06
981,1132.006,9.423174e-06
982,1133.006,8.62989435e-06
983,1134.006,8.6399566e-06
984,1135.011,8.95678885e-06
985,1136.015,8.7065975e-06
986,1137.006,6.8561e-06
987,1138.019,9.09955655e-06
988,1139.012,7.534325349999999e-06
989,1140.005,7.893639249999999e-06
990,1141.02,8.9615043e-06
991,1142.006,8.4733742e-06
992,1143.02,9.14652725e-06
993,1144.006,6.92336775e-06
994,1145.006,7.94518605e-06
995,1146.011,6.0696352e-06
996,1147.018,9.0157624e-06
997,1148.017,8.621797e-06
998,1149.006,7.9378794e-06
999,1150.006,9.635177199999999e-06
1000,1151.021,9.1105644e-06
1001,1152.006,6.2219698e-06
1002,1153.006,7.461102400000001e-06
1003,1154.007,8.646057599999999e-06
1004,1155.01,9.6342844e-06
1005,1156.008,8.7540268e-06
1006,1157.014,7.355950249999999e-06
1007,1158.005,9.304678199999999e-06
1008,1159.006,7.168694000000001e-06
1009,1160.017,8.782371449999999e-06
1010,1161.021,6.061359599999999e-06
1011,1162.005,6.2675572e-06
1012,1163.014,8.88909485e-06
1013,1164.014,8.4672276e-06
1014,1165.006,8.6265364e-06
1015,1166.005,8.96933395e-06
1016,1167.02,8.0375867e-06
1017,1168.009,8.5658445e-06
1018,1169.019,7.30862305e-06
1019,1170.021,6.67287365e-06
1020,1171.009,9.987983300000002e-06
1021,1172.018,8.55678805e-06
1022,1173.021,7.778693400000001e-06
1023,1174.006,6.2881043e-06
1024,1175.012,8.25328345e-06
1025,1176.015,8.839532800000001e-06
1026,1177.007,7.01673685e-06
1027,1178.019,9.17178265e-06
1028,1179.018,8.8721692e-06
1029,1180.009,9.101324499999999e-06
1030,1181.02,8.633927599999999e-06
1031,1182.018,8.2875742e-06
1032,1183.007,7.762360599999999e-06
1033,1184.005,9.5465077e-06
1034,1185.006,6.7552438e-06
1035,1186.014,8.394338650000001e-06
1036,1187.012,7.3678202e-06
1037,1188.006,8.13476645e-06
1038,1189.006,8.555752199999999e-06
1039,1190.005,7.9781492e-06
1040,1191.007,8.9234986e-06
1041,1192.006,8.7567716e-06
1042,1193.021,5.9179599000000006e-06
1043,1194.021,7.9433576e-06
1044,1195.007,8.4675632e-06
1045,1196.007,8.339406e-06
1046,1197.017,8.777251150000002e-06
1047,1198.008,8.8969164e-06
1048,1199.02,9.8068626e-06
1049,1200.009,7.9549408e-06
1050,1201.006,1.0044804949999999e-05
1051,1202.012,7.417398099999999e-06
1052,1203.015,8.7869511e-06
1053,1204.007,7.6995298e-06
1054,1205.012,7.2040940000000005e-06
1055,1206.013,6.04126e-06
1056,1207.02,8.4736896e-06
1057,1208.01,7.58188775e-06
1058,1209.021,9.2537552e-06
1059,1210.01,7.3262527499999995e-06
1060,1211.014,8.0722432e-06
1061,1212.016,8.702774600000001e-06
1062,1213.011,1.0262091e-05
1063,1214.006,7.389896200000001e-06
1064,1215.006,6.406751e-06
1065,1216.01,6.4251196e-06
1066,1217.022,7.538512400000001e-06
1067,1218.009,4.5012162e-06
1068,1219.007,7.0179846e-06
1069,1220.006,5.81869955e-06
1070,1221.007,8.4118866e-06
1071,1222.009,8.765762399999999e-06
1072,1223.01,8.845086e-06
1073,1224.005,7.3159914e-06
1074,1225.012,6.2852454e-06
1075,1226.006,7.320526200000001e-06
1076,1227.024,7.95879905e-06
1077,1228.027,8.4184302e-06
1078,1229.007,7.6620216e-06
1079,1230.007,9.53396905e-06
1080,1231.018,8.023479200000001e-06
1081,1232.006,4.892188e-06
1082,1233.013,7.6902798e-06
1083,1234.019,6.3725112e-06
1084,1235.006,9.18422295e-06
1085,1236.019,8.069413e-06
1086,1237.011,8.5388894e-06
1087,1238.016,7.4149870499999996e-06
1088,1239.021,6.41401585e-06
1089,1240.012,8.4714006e-06
1090,1241.012,8.3506156e-06
1091,1242.023,7.7260082e-06
1092,1243.021,8.6747901e-06
1093,1244.023,8.56571635e-06
1094,1245.006,8.195458e-06
1095,1246.01,8.3705686e-06
1096,1247.018,7.3566408e-06
1097,1248.011,9.031392400000001e-06
1098,1249.015,6.4912311499999995e-06
1099,1250.011,7.6100664e-06
1100,1251.016,6.403986e-06
1101,1252.013,7.713129700000001e-06
1102,1253.007,5.3468898e-06
1103,1254.007,7.16518895e-06
1104,1255.007,3.4446496000000004e-06
1105,1256.006,7.107165599999999e-06
1106,1257.02,6.762789700000001e-06
1107,1258.008,7.2508957999999995e-06
1108,1259.012,7.785062e-06
1109,1260.021,9.0974462e-06
1110,1261.021,8.6827596e-06
1111,1262.006,8.68783e-06
1112,1263.021,9.2676475e-06
1113,1264.006,7.99855575e-06
1114,1265.007,8.35335975e-06
1115,1266.006,9.717178050000001e-06
1116,1267.02,9.0975376e-06
1117,1268.013,8.5729956e-06
1118,1269.011,5.63466375e-06
1119,1270.017,7.8136255e-06
1120,1271.013,6.473684e-06
1121,1272.007,7.3789446e-06
1122,1273.012,6.287054e-06
1123,1274.006,9.63361345e-06
1124,1275.007,8.341866e-06
1125,1276.009,5.0886938e-06
1126,1277.011,8.451493550000002e-06
1127,1278.02,7.8785064e-06
1128,1279.011,8.7191557e-06
1129,1280.006,8.6012646e-06
1130,1281.007,7.4942650000000005e-06
1131,1282.01,8.3989346e-06
1132,1283.011,7.200612e-06
1133,1284.014,6.68312765e-06
1134,1285.02,4.1175217e-06
1135,1286.024,6.4532206e-06
1136,1287.021,7.2511938e-06
1137,1288.017,8.5913224e-06
1138,1289.012,7.380722599999999e-06
1139,1290.006,6.2711676e-06
1140,1291.007,6.031380000000001e-06
1141,1292.007,4.7973962e-06
1142,1293.007,5.167507000000001e-06
1143,1294.012,7.389506200000001e-06
1144,1295.021,7.5096745e-06
1145,1296.009,7.476530799999999e-06
1146,1297.012,9.385458050000001e-06
1147,1298.006,9.3470047e-06
1148,1299.012,9.85484735e-06
1149,1300.013,7.632715900000001e-06
1150,1301.008,5.949464e-06
1151,1302.012,7.8747048e-06
1152,1303.012,8.387403749999999e-06
1153,1304.006,7.9300978e-06
1154,1305.014,8.4665984e-06
1155,1306.012,7.3707524e-06
1156,1307.007,7.9754832e-06
1157,1308.006,8.0873767e-06
1158,1309.021,8.4629534e-06
1159,1310.006,7.426402450000001e-06
1160,1311.021,9.353792800000001e-06
1161,1312.015,8.584286400000002e-06
1162,1313.011,8.114166e-06
1163,1314.017,9.4830661e-06
1164,1315.014,9.368379599999999e-06
1165,1316.007,5.09841e-06
1166,1317.011,6.7152756e-06
1167,1318.018,9.02767e-06
1168,1319.01,7.465524799999999e-06
1169,1320.007,6.94435135e-06
1170,1321.021,7.5760336e-06
1171,1322.008,8.7112306e-06
1172,1323.016,9.051555300000002e-06
1173,1324.02,8.667930550000001e-06
1174,1325.01,8.65549045e-06
1175,1326.006,8.0151864e-06
1176,1327.021,7.3152548000000004e-06
1177,1328.009,4.64593005e-06
1178,1329.022,7.5335732e-06
1179,1330.013,9.262436e-06
1180,1331.008,6.7025352999999995e-06
1181,1332.007,7.5500294000000005e-06
1182,1333.013,7.685980599999999e-06
1183,1334.007,7.23616135e-06
1184,1335.008,6.5778875e-06
1185,1336.019,9.30481165e-06
1186,1337.011,8.0192332e-06
1187,1338.021,8.572136e-06
1188,1339.008,8.761736e-06
1189,1340.011,8.843895e-06
1190,1341.019,8.6431764e-06
1191,1342.008,4.4003105999999995e-06
1192,1343.029,7.8474005e-06
1193,1344.006,6.7064738e-06
1194,1345.02,6.70324935e-06
1195,1346.006,7.1139825999999996e-06
1196,1347.008,7.5663586e-06
1197,1348.007,8.18075915e-06
1198,1349.013,6.489669249999999e-06
1199,1350.008,8.49296565e-06
1200,1351.008,7.119613500000001e-06
1201,1352.018,9.5164552e-06
1202,1353.022,8.295258549999999e-06
1203,1354.007,8.5824722e-06
1204,1355.036,8.749398599999999e-06
1205,1423.009,7.849342400000001e-06
1206,1424.01,9.1874814e-06
1207,1425.011,6.8735866e-06
1208,1426.007,5.9952998e-06
1209,1427.007,6.2670277999999995e-06
1210,1428.008,6.0809248e-06
1211,1429.021,5.5067455999999995e-06
1212,1430.022,8.4017304e-06
1213,1431.014,6.17476985e-06
1214,1432.022,7.898536199999999e-06
1215,1433.008,8.3063138e-06
1216,1434.008,7.244207349999999e-06
1217,1435.018,4.601529e-06
1218,1436.022,9.040816800000002e-06
1219,1437.016,6.87033045e-06
1220,1438.008,8.8129994e-06
1221,1439.007,7.655141e-06
1222,1440.008,6.188404000000001e-06
1223,1441.016,7.7909546e-06
1224,1442.011,6.1955067499999995e-06
1225,1443.021,7.8397198e-06
1226,1444.008,8.1811932e-06
1227,1445.019,7.4496056e-06
1228,1446.008,4.7299922e-06
1229,1447.021,5.98537415e-06
1230,1448.008,8.865274699999998e-06
1231,1449.014,7.0753202e-06
1232,1450.015,6.912779e-06
1233,1451.008,5.1864485e-06
1234,1452.008,6.928745e-06
1235,1453.025,7.510896e-06
1236,1454.022,5.814711e-06
1237,1455.022,6.979658599999999e-06
1238,1456.022,8.855246800000002e-06
1239,1457.02,8.15747965e-06
1240,1458.022,5.523414e-06
1241,1459.019,7.746146599999999e-06
1242,1460.009,8.633789749999999e-06
1243,1461.02,7.342812e-06
1244,1462.008,6.150935950000001e-06
1245,1463.022,8.029041399999999e-06
1246,1464.022,8.4838425e-06
1247,1465.015,4.825491e-06
1248,1466.011,8.0919454e-06
1249,1467.016,1.993836e-06
1250,1468.018,6.821970599999999e-06
1251,1469.011,7.2085902e-06
1252,1470.02,8.5887832e-06
1253,1471.019,4.8884685999999995e-06
1254,1472.011,6.720383e-06
1255,1473.021,8.7233928e-06
1256,1474.008,9.132764e-06
1257,1475.02,7.009750400000001e-06
1258,1476.012,6.5616479500000005e-06
1259,1477.012,6.956865799999999e-06
1260,1478.008,7.95608445e-06
1261,1479.021,5.627948200000001e-06
1262,1480.008,5.19871275e-06
1263,1481.009,2.4422634e-06
1264,1482.01,7.8006468e-06
1265,1483.008,8.80357865e-06
1266,1484.014,6.6843753000000005e-06
1267,1485.012,7.31453865e-06
1268,1486.015,8.8470564e-06
1269,1487.016,7.54452135e-06
1270,1488.008,5.79450455e-06
1271,1489.011,3.2115937500000003e-06
1272,1490.012,9.649731349999999e-06
1273,1491.008,6.162795150000001e-06
1274,1492.008,6.5549699999999995e-06
1275,1493.009,7.5730968e-06
1276,1494.01,9.683238999999999e-06
1277,1495.009,8.0381564e-06
1278,1496.023,8.786019850000001e-06
1279,1497.019,1.01190217e-05
1280,1498.008,6.147775849999999e-06
1281,1499.019,9.44251285e-06
1282,1500.014,7.1299300000000005e-06
1283,1501.008,2.69499755e-06
1284,1502.018,7.4280273e-06
1285,1503.021,8.3809912e-06
1286,1504.009,7.6469442e-06
1287,1505.007,9.388934e-06
1288,1506.008,7.2425778e-06
1289,1507.007,8.295860849999999e-06
1290,1508.008,8.9061216e-06
1291,1509.012,6.5090033499999995e-06
1292,1510.008,7.7431036e-06
1293,1511.02,8.807589349999999e-06
1294,1512.02,9.2195042e-06
1295,1513.018,8.8283718e-06
1296,1514.008,6.454216349999999e-06
1297,1515.021,7.2738382e-06
1298,1516.015,5.302655900000001e-06
1299,1517.013,6.65950005e-06
1300,1518.008,8.215118999999999e-06
1301,1519.01,8.6527265e-06
1302,1520.008,5.9510586e-06
1303,1521.012,7.3433012e-06
1304,1522.009,8.443553500000001e-06
1305,1523.008,8.167981e-06
1306,1524.008,5.213086450000001e-06
1307,1525.013,7.354550000000001e-06
1308,1526.008,4.6871652e-06
1309,1527.009,9.33409935e-06
1310,1528.009,6.4512645e-06
1311,1529.017,7.7837716e-06
1312,1530.022,2.9516523999999997e-06
1313,1531.009,7.1117024e-06
1314,1532.008,8.552851e-06
1315,1533.007,5.370615400000001e-06
1316,1534.009,8.763964499999999e-06
1317,1535.019,6.8118462e-06
1318,1536.009,7.7034064e-06
1319,1537.009,8.307234e-06
1320,1538.008,8.3750314e-06
1321,1539.024,7.944401199999999e-06
1322,1540.009,7.215193000000001e-06
1323,1541.019,6.0099374e-06
1324,1542.02,5.98483145e-06
1325,1543.01,8.2865013e-06
1326,1544.011,7.664007e-06
1327,1545.026,5.639952950000001e-06
1328,1546.009,8.529829449999999e-06
1329,1547.017,8.693662949999999e-06
1330,1548.01,5.9233658e-06
1331,1549.008,6.733801e-06
1332,1550.011,3.768362e-06
1333,1551.022,7.537185400000001e-06
1334,1552.009,5.849291400000001e-06
1335,1553.021,5.87633195e-06
1336,1554.023,6.448949200000001e-06
1337,1555.011,7.26877975e-06
1338,1556.014,7.0433244e-06
1339,1557.017,7.8562374e-06
1340,1558.01,4.240839049999999e-06
1341,1559.023,6.9957164e-06
1342,1560.012,7.90041655e-06
1343,1561.022,7.2993964000000004e-06
1344,1562.023,6.8556418e-06
1345,1563.018,8.11511195e-06
1346,1564.009,4.7886479e-06
1347,1565.023,4.8312847e-06
1348,1566.023,3.1210466000000003e-06
1349,1567.01,9.2728994e-06
1350,1568.015,8.3724631e-06
1351,1569.017,5.1068692e-06
1352,1570.017,6.296769799999999e-06
1353,1571.018,7.6934372e-06
1354,1572.015,7.1181128e-06
1355,1573.021,9.016598750000001e-06
1356,1574.009,4.9458894e-06
1357,1575.021,7.23823585e-06
1358,1576.01,5.9689406e-06
1359,1577.02,1.8319038e-06
1360,1578.026,7.1118755e-06
1361,1579.015,7.878535049999999e-06
1362,1580.009,5.978901e-06
1363,1581.021,4.919745599999999e-06
1364,1582.016,5.896252400000001e-06
1365,1583.018,5.8798829999999996e-06
1366,1584.009,6.434665599999999e-06
1367,1585.019,8.622535249999999e-06
1368,1586.011,6.213510599999999e-06
1369,1587.013,5.5408360000000005e-06
1370,1588.018,6.4167004000000005e-06
1371,1589.01,3.85144105e-06
1372,1590.008,6.98164545e-06
1373,1591.023,6.5530602999999996e-06
1374,1592.009,7.084730549999999e-06
1375,1593.01,8.7553315e-06
1376,1594.009,4.75713675e-06
1377,1595.017,7.4321265999999995e-06
1378,1596.009,4.4558554e-06
1379,1597.011,4.95765365e-06
1380,1598.019,8.085526e-06
1381,1599.023,7.4051783e-06
1382,1600.009,9.2047428e-06
1383,1601.015,8.2190036e-06
1384,1602.008,8.2706392e-06
1385,1603.016,7.629624999999999e-06
1386,1604.008,8.962067400000001e-06
1387,1605.019,8.0710384e-06
1388,1606.009,5.6684478e-06
1389,1607.023,7.482151299999999e-06
1390,1608.022,7.20127435e-06
1391,1609.023,6.17781875e-06
1392,1610.009,6.393834400000001e-06
1393,1611.021,4.6841594e-06
1394,1612.019,6.7030538e-06
1395,1613.008,6.1587804e-06
1396,1614.009,4.20563695e-06
1397,1615.009,6.880979200000001e-06
1398,1616.009,7.4473827e-06
1399,1617.016,7.6801172e-06
1400,1618.022,6.1169318e-06
1401,1619.02,7.5987712e-06
1402,1620.01,5.9470025e-06
1403,1621.025,6.4646897999999995e-06
1404,1622.009,7.504442799999999e-06
1405,1623.021,8.74203555e-06
1406,1624.018,6.5509859500000005e-06
1407,1625.008,7.654686400000001e-06
1408,1626.021,5.74363185e-06
1409,1627.015,9.592223199999999e-06
1410,1628.014,8.974604400000001e-06
1411,1629.013,3.7853089999999996e-06
1412,1630.024,7.5309559e-06
1413,1631.008,7.016630200000001e-06
1414,1632.009,9.204078800000002e-06
1415,1633.021,7.8451225e-06
1416,1634.009,6.9826176e-06
1417,1635.009,7.598896049999999e-06
1418,1636.009,6.1187303e-06
1419,1637.01,5.7593817e-06
1420,1638.009,5.5071998e-06
1421,1639.009,7.3917672000000006e-06
1422,1640.009,6.665982400000001e-06
1423,1641.02,5.73783555e-06
1424,1642.015,4.60330715e-06
1425,1643.01,5.825399e-06
1426,1644.009,5.921118e-06
1427,1645.008,6.5223149999999996e-06
1428,1646.009,7.15358965e-06
1429,1647.015,6.28587345e-06
1430,1648.015,6.9803892e-06
1431,1649.01,7.1882416e-06
1432,1650.023,2.91523375e-06
1433,1651.024,5.7071327999999995e-06
1434,1652.009,8.5587056e-06
1435,1653.018,7.0976108e-06
1436,1654.009,6.464970400000001e-06
1437,1655.008,4.9412258e-06
1438,1656.009,2.7758192000000004e-06
1439,1657.022,7.4998516500000006e-06
1440,1658.01,6.443989799999999e-06
1441,1659.018,5.942881e-06
1442,1660.015,5.59531935e-06
1443,1661.008,5.3714057e-06
1444,1662.009,7.5974672e-06
1445,1663.022,9.1216526e-06
1446,1664.015,6.26577365e-06
1447,1665.016,9.101393300000001e-06
1448,1666.018,7.2750766e-06
1449,1667.014,7.41176045e-06
1450,1668.009,9.2267724e-06
1451,1669.016,7.2544146e-06
1452,1670.016,4.2578853e-06
1453,1671.022,4.781655e-06
1454,1672.009,5.710618550000001e-06
1455,1673.015,6.304841650000001e-06
1456,1674.016,7.4771551999999994e-06
1457,1675.008,3.738291e-06
1458,1676.01,4.539846650000001e-06
1459,1677.01,6.9844792500000005e-06
1460,1678.022,8.6979106e-06
1461,1679.009,5.992665599999999e-06
1462,1680.009,7.5594434e-06
1463,1681.009,2.8953552000000004e-06
1464,1682.015,5.84240775e-06
1465,1683.01,7.3240419999999996e-06
1466,1684.015,6.8112217999999996e-06
1467,1685.016,6.7711375999999994e-06
1468,1686.01,3.96642735e-06
1469,1687.01,5.6591937999999995e-06
1470,1688.014,8.678136599999999e-06
1471,1689.009,7.3027264000000005e-06
1472,1690.017,4.941948e-06
1473,1691.024,6.164963799999999e-06
1474,1692.009,4.8552844e-06
1475,1693.019,6.17856135e-06
1476,1694.024,2.5759983999999997e-06
1477,1695.008,6.3072234500000005e-06
1478,1696.022,5.963806450000001e-06
1479,1697.019,4.1417778e-06
1480,1698.019,6.853490050000001e-06
1481,1699.017,3.4042376e-06
1482,1700.02,1.00512032e-05
1483,1701.009,6.222085200000001e-06
1484,1702.011,5.46886665e-06
1485,1703.015,4.6358542e-06
1486,1704.022,8.3038528e-06
1487,1705.012,7.2279728e-06
1488,1706.009,5.8770343e-06
1489,1707.009,7.5667077e-06
1490,1708.018,6.9286674500000006e-06
1491,1709.016,6.4729342e-06
1492,1710.009,7.2288887999999995e-06
1493,1711.013,4.8087364e-06
1494,1712.016,7.3732524e-06
1495,1713.026,9.022202900000001e-06
1496,1714.011,7.434551299999999e-06
1497,1715.009,7.8867924e-06
1498,1716.015,7.4672832500000005e-06
1499,1717.023,6.0231122e-06
1500,1718.014,7.1633732e-06
1501,1719.008,7.9333954e-06
1502,1720.01,5.88875585e-06
1503,1721.018,5.10965105e-06
1504,1722.009,7.2172832e-06
1505,1723.011,3.0897663999999997e-06
1506,1724.023,5.22329835e-06
1507,1725.011,5.964526e-06
1508,1726.015,6.311603599999999e-06
1509,1727.009,5.248784e-07
1510,1728.018,2.361143e-06
1511,1729.017,5.933020199999999e-06
1512,1730.018,6.17761195e-06
1513,1731.018,8.1267778e-06
1514,1732.021,7.2435412e-06
1515,1733.009,7.014732400000001e-06
1516,1734.011,8.1620324e-06
1517,1735.009,9.049958300000001e-06
1518,1736.015,8.097597e-06
1519,1737.01,5.801757150000001e-06
1520,1738.015,9.79951925e-06
1521,1739.027,8.5638514e-06
1522,1740.018,2.9609893999999998e-06
1523,1741.021,6.786166e-06
1524,1742.018,5.602235099999999e-06
1525,1743.008,8.249436400000001e-06
1526,1744.022,2.7387036e-06
1527,1745.016,6.16087055e-06
1528,1746.017,2.4637066e-06
1529,1747.02,2.7889162000000004e-06
1530,1748.017,8.9221958e-06
1531,1749.012,2.6385201e-06
1532,1750.013,7.73544025e-06
1533,1751.012,2.8400462000000006e-06
1534,1752.01,3.9874228e-06
1535,1753.011,7.39023995e-06
1536,1754.01,6.68962075e-06
1537,1755.009,6.4167828499999995e-06
1538,1756.024,6.18473975e-06
1539,1757.014,4.2083676e-06
1540,1758.012,8.745744e-06
1541,1759.018,8.717840599999999e-06
1542,1760.013,4.211616e-06
1543,1761.01,3.5238902000000003e-06
1544,1762.011,6.5421246e-06
1545,1763.019,8.7015942e-06
1546,1764.01,7.5693258e-06
1547,1765.012,9.2274739e-06
1548,1766.018,3.96084175e-06
1549,1767.011,5.04901845e-06
1550,1768.015,7.6190545e-06
1551,1769.01,3.980955e-06
1552,1770.018,7.0281461999999996e-06
1553,1771.02,8.8213126e-06
1554,1772.022,8.75874285e-06
1555,1773.016,8.360640400000002e-06
1556,1774.015,4.62263335e-06
1557,1775.008,1.8140671e-06
1558,1776.01,5.744923e-06
1559,1777.009,6.1385980999999994e-06
1560,1778.01,6.757496200000001e-06
1561,1779.01,2.8925025e-06
1562,1780.012,6.07145e-06
1563,1781.024,4.1865704e-06
1564,1782.011,6.0019231999999995e-06
1565,1783.013,5.190394e-07
1566,1784.025,2.699477e-06
1567,1785.013,8.5296974e-06
1568,1786.027,5.1785058e-06
1569,1787.01,4.600981099999999e-06
1570,1788.01,7.281972599999999e-06
1571,1789.011,5.6096182499999995e-06
1572,1790.021,5.1757472e-06
1573,1791.01,4.9082056e-06
1574,1792.024,5.8053694e-06
1575,1793.017,8.2484864e-06
1576,1794.013,6.654123e-06
1577,1795.01,2.678762e-06
1578,1796.024,5.1424856e-06
1579,1797.015,7.8706652e-06
1580,1798.024,8.2180822e-06
1581,1799.018,8.57420365e-06
1582,1800.01,4.13592615e-06
1583,1801.023,7.280363e-06
1584,1802.011,8.476074199999999e-06
1585,1803.016,6.675991700000001e-06
1586,1804.01,7.3844118000000004e-06
1587,1805.009,2.7887834e-06
1588,1806.011,4.6822638e-06
1589,1807.02,7.309518400000001e-06
1590,1808.022,5.110521900000001e-06
1591,1809.01,5.883570599999999e-06
1592,1810.01,7.3055197e-06
1593,1811.013,6.07453575e-06
1594,1812.015,4.6698442e-06
1595,1813.021,3.6508146e-06
1596,1814.024,3.3591055499999998e-06
1597,1815.022,5.8648406e-06
1598,1816.018,4.8480618e-06
1599,1817.029,8.539542800000001e-06
1600,1818.01,5.1008685e-06
1601,1819.022,4.7452365e-07
1602,1820.022,2.2281308e-06
1603,1821.017,6.9044786e-06
1604,1822.016,4.04722015e-06
1605,1823.019,7.28714835e-06
1606,1824.019,8.690840599999999e-06
1607,1825.01,6.796601849999999e-06
1608,1826.015,7.7592986e-06
1609,1827.014,5.8947604e-06
1610,1828.01,2.8199388e-06
1611,1829.023,2.1928332e-06
1612,1830.013,6.8968100000000005e-06
1613,1831.016,7.3129132e-06
1614,1832.01,3.1238729999999997e-06
1615,1833.01,6.6408796e-06
1616,1834.022,3.59383635e-06
1617,1835.014,4.9312299e-06
1618,1836.021,3.6414367000000006e-06
1619,1837.014,2.7374512000000005e-06
1620,1838.018,3.6824462e-06
1621,1839.022,3.30610495e-06
1622,1840.019,3.5660377999999997e-06
1623,1841.021,2.6557304e-06
1624,1842.026,7.6568556e-06
1625,1843.02,4.8869102e-06
1626,1844.016,8.646604800000002e-06
1627,1845.028,4.7626512e-06
1628,1846.018,7.7971024e-06
1629,1847.011,6.77909505e-06
1630,1848.011,7.411799599999999e-06
1631,1849.01,8.2861805e-06
1632,1850.025,8.6215538e-06
1633,1851.024,4.6134864500000006e-06
1634,1852.01,7.245757200000001e-06
1635,1853.023,5.873290599999999e-06
1636,1854.02,5.7650832e-06
1637,1855.015,7.2591534e-06
1638,1856.01,6.7905070000000004e-06
1639,1857.01,7.09097085e-06
1640,1858.01,6.4236696e-06
1641,1859.02,6.301252599999999e-06
1642,1860.011,8.60351625e-06
1643,1861.01,3.7083718500000005e-06
1644,1862.025,3.5925644e-06
1645,1863.009,6.9530114e-06
1646,1864.011,5.9664748e-06
1647,1865.011,6.8968818e-06
1648,1866.023,5.7749807999999996e-06
1649,1867.01,5.0721194e-06
1650,1868.015,4.683261849999999e-06
1651,1869.021,3.74972535e-06
1652,1870.024,1.8803611000000002e-06
1653,1871.009,6.9836206e-06
1654,1872.01,7.25131635e-06
1655,1873.01,3.1998175e-06
1656,1874.017,6.477214199999999e-06
1657,1875.026,7.022355299999999e-06
1658,1876.011,6.4306410499999995e-06
1659,1877.022,7.800033150000001e-06
1660,1878.012,7.256574000000001e-06
1661,1879.01,5.080872e-06
1662,1880.01,6.50955995e-06
1663,1881.024,7.0529659000000005e-06
1664,1882.011,3.7658665999999998e-06
1665,1883.01,2.6045707999999995e-06
1666,1884.011,8.3130176e-06
1667,1885.01,3.0592738500000003e-06
1668,1886.011,3.5791106e-06
1669,1887.022,3.6224816499999998e-06
1670,1888.019,7.17232215e-06
1671,1889.013,5.8589885e-06
1672,1890.01,2.4348656e-06
1673,1891.01,7.69571805e-06
1674,1892.011,9.315947449999999e-06
1675,1893.022,6.84988595e-06
1676,1894.011,7.2973655999999995e-06
1677,1895.01,5.619126599999999e-06
1678,1896.012,5.9862798e-06
1679,1897.011,7.880185150000001e-06
1680,1898.025,4.78261685e-06
1681,1899.011,6.327305200000001e-06
1682,1900.011,7.31694135e-06
1683,1901.021,7.6655384e-06
1684,1902.015,7.149492650000001e-06
1685,1903.014,9.5634242e-06
1686,1904.011,6.0529747999999995e-06
1687,1905.016,3.6431162000000002e-06
1688,1906.011,6.050195599999999e-06
1689,1907.014,2.2070627999999997e-06
1690,1908.025,4.9336952e-06
1691,1909.01,4.151819450000001e-06
1692,1910.022,3.85845915e-06
1693,1911.027,7.280781400000001e-06
1694,1912.015,5.0073444000000004e-06
1695,1913.024,3.5069940000000003e-06
1696,1914.011,4.9709856e-06
1697,1915.01,4.838515e-06
1698,1916.011,4.661438e-07
1699,1917.011,6.7869196e-06
1700,1918.018,5.9580434e-06
1701,1919.018,8.01175175e-06
1702,1920.014,6.7946e-06
1703,1921.013,4.650434e-06
1704,1922.014,3.9084974e-06
1705,1923.01,4.905771900000001e-06
1706,1924.013,4.933868e-06
1707,1925.039,1.02401006e-05
1708,1987.016,7.03683715e-06
1709,1988.015,5.7172732e-06
1710,1989.012,3.0648020000000003e-06
1711,1990.024,7.490274e-06
1712,1991.013,8.67152895e-06
1713,1992.01,8.67905055e-06
1714,1993.024,5.2187314e-06
1715,1994.014,2.8129986000000004e-06
1716,1995.012,8.4989895e-06
1717,1996.012,5.120028099999999e-06
1718,1997.012,6.106667e-06
1719,1998.011,6.181469400000001e-06
1720,1999.011,2.57010225e-06
1721,2000.014,7.4724679e-06
1722,2001.012,6.813415300000001e-06
1723,2002.01,4.3928519999999994e-06
1724,2003.012,7.5563524e-06
1725,2004.015,2.7730428000000002e-06
1726,2005.014,7.593252700000001e-06
1727,2006.011,7.5073879e-06
1728,2007.024,4.5371732000000006e-06
1729,2008.014,6.75233425e-06
1730,2009.016,5.96326945e-06
1731,2010.011,2.207586e-06
1732,2011.022,4.3319584e-06
1733,2012.017,4.54892055e-06
1734,2013.025,8.1405016e-06
1735,2014.019,2.3903977e-06
1736,2015.015,7.1112339999999994e-06
1737,2016.018,7.98959315e-06
1738,2017.021,8.8099351e-06
1739,2018.018,6.531279400000001e-06
1740,2019.023,6.9031244000000004e-06
1741,2020.018,7.2519756e-06
1742,2021.016,6.2389882e-06
1743,2022.022,2.4482456000000004e-06
1744,2023.025,5.5214518e-06
1745,2024.014,3.4933555000000002e-06
1746,2025.019,7.01407775e-06
1747,2026.011,7.26756805e-06
1748,2027.019,2.4940612999999998e-06
1749,2028.01,7.533369349999999e-06
1750,2029.012,4.2057786e-06
1751,2030.011,7.2253902e-06
1752,2031.018,8.4431396e-06
1753,2032.022,4.8660802e-06
1754,2033.017,5.8065652e-06
1755,2034.013,7.330576150000001e-06
1756,2035.012,6.637244049999999e-06
1757,2036.017,7.1283786e-06
1758,2037.018,4.2249690499999995e-06
1759,2038.012,7.3103478e-06
1760,2039.02,3.899391749999999e-06
1761,2040.01,4.5786307e-06
1762,2041.026,8.0444353e-06
1763,2042.01,7.3124636e-06
1764,2043.015,5.0631128e-06
1765,2044.011,4.9542668e-06
1766,2045.027,7.7305154e-06
1767,2046.017,6.1453182e-06
1768,2047.023,8.4028946e-06
1769,2048.014,6.6522027000000005e-06
1770,2049.02,7.618151e-06
1771,2050.016,8.5892014e-06
1772,2051.026,6.9971424e-06
1773,2052.028,4.5353416e-06
1774,2053.026,3.4192856e-06
1775,2054.025,5.7016066e-06
1776,2055.015,5.7648667499999995e-06
1777,2056.023,6.577975349999999e-06
1778,2057.017,5.870071000000001e-06
1779,2058.015,5.8174348e-06
1780,2059.022,8.2280029e-06
1781,2060.02,3.6349221e-06
1782,2061.024,4.8273515999999995e-06
1783,2062.011,2.7139072000000003e-06
1784,2063.014,3.2982998500000003e-06
1785,2064.012,4.86306345e-06
1786,2065.011,7.4834706500000005e-06
1787,2066.022,8.755429749999999e-06
1788,2067.022,7.5358492000000005e-06
1789,2068.021,7.3282048e-06
1790,2069.026,6.7124086e-06
1791,2070.012,5.638556e-06
1792,2071.012,5.730588199999999e-06
1793,2072.023,1.6058241999999998e-06
1794,2073.018,2.6822738e-06
1795,2074.014,8.553145199999999e-06
1796,2075.026,6.18279175e-06
1797,2076.012,6.091639199999999e-06
1798,2077.012,5.6575322e-06
1799,2078.022,7.79928135e-06
1800,2079.024,4.336472e-06
1801,2080.024,4.4257979999999995e-07
1802,2081.013,4.990469e-06
1803,2082.011,3.1357198e-06
1804,2083.026,2.85432805e-06
1805,2084.016,6.517574e-06
1806,2085.018,6.72561685e-06
1807,2086.022,6.227076400000001e-06
1808,2087.013,4.470923e-06
1809,2088.014,3.42817575e-06
1810,2089.012,4.4334519999999995e-06
1811,2090.026,3.6585037e-06
1812,2091.012,3.75025405e-06
1813,2092.019,7.8979192e-06
1814,2093.026,5.000387799999999e-06
1815,2094.022,7.05394475e-06
1816,2095.012,6.934397150000001e-06
1817,2096.013,6.294580650000001e-06
1818,2097.022,6.599441e-06
1819,2098.011,4.82687615e-06
1820,2099.026,3.1068732e-06
1821,2100.015,6.1318746e-06
1822,2101.026,2.7232122000000002e-06
1823,2102.024,5.3086286e-06
1824,2103.012,5.979047400000001e-06
1825,2104.017,7.7434967e-06
1826,2105.021,5.2023118e-06
1827,2106.014,5.3983180000000005e-06
1828,2107.024,2.7006752e-06
1829,2108.023,4.50453125e-06
1830,2109.012,2.77137255e-06
1831,2110.013,4.99717325e-06
1832,2111.027,4.7820395e-07
1833,2112.012,4.2240590000000004e-07
1834,2113.026,2.48384675e-06
1835,2114.013,4.77998375e-06
1836,2115.012,5.767007e-06
1837,2116.017,3.77267975e-06
1838,2117.017,8.876654800000001e-06
1839,2118.014,6.72456915e-06
1840,2119.015,4.221412e-06
1841,2120.022,6.333176200000001e-06
1842,2121.012,7.042640800000001e-06
1843,2122.028,7.07804805e-06
1844,2123.026,7.699556e-06
1845,2124.014,7.7389472e-06
1846,2125.026,5.44795205e-06
1847,2126.011,6.36716055e-06
1848,2127.013,6.8754431999999994e-06
1849,2128.017,5.8137432e-06
1850,2129.021,4.575951e-06
1851,2130.013,8.367898599999999e-06
1852,2131.025,7.9178048e-06
1853,2132.012,5.390095200000001e-06
1854,2133.024,1.9776648e-06
1855,2134.018,4.7959844500000005e-06
1856,2135.012,4.95771935e-06
1857,2136.013,4.9274102e-06
1858,2137.028,2.828262e-06
1859,2138.012,6.551293049999999e-06
1860,2139.012,3.21960305e-06
1861,2140.028,8.0477714e-06
1862,2141.026,8.859178400000001e-06
1863,2142.022,8.000207000000001e-06
1864,2143.027,8.262934249999999e-06
1865,2144.023,5.3244848e-06
1866,2145.013,3.0578552e-06
1867,2146.012,3.5376068e-06
1868,2147.018,4.4855527e-06
1869,2148.011,5.6015825999999994e-06
1870,2149.018,5.277677200000001e-06
1871,2150.017,9.5002632e-06
1872,2151.022,6.009927349999999e-06
1873,2152.016,7.2582192499999995e-06
1874,2153.024,5.224464e-06
1875,2154.015,5.743904800000001e-06
1876,2155.027,8.901177199999999e-06
1877,2156.017,8.463056849999999e-06
1878,2157.013,6.033703450000001e-06
1879,2158.014,6.46882655e-06
1880,2159.026,6.22605875e-06
1881,2160.021,7.306205200000001e-06
1882,2161.018,2.7284538e-06
1883,2162.016,8.2738478e-06
1884,2163.034,6.7045616e-06
1885,2164.014,6.789346400000001e-06
1886,2165.028,7.2286514e-06
1887,2166.019,7.082912349999999e-06
1888,2167.013,6.917884e-06
1889,2168.029,2.687989e-06
1890,2169.026,6.2287212e-06
1891,2170.02,4.0073408e-06
1892,2171.019,6.136239099999999e-06
1893,2172.013,2.9939834000000004e-06
1894,2173.026,5.7151896e-06
1895,2174.023,6.2925862000000005e-06
1896,2175.018,8.85392235e-06
1897,2176.012,7.27824065e-06
1898,2177.016,5.9755e-06
1899,2178.011,3.5869512e-06
1900,2179.026,6.1906766e-06
1901,2180.027,4.8487882999999995e-06
1902,2181.024,4.706138e-07
1903,2182.014,2.761282e-06
1904,2183.024,2.251539e-06
1905,2184.012,4.5044753499999995e-06
1906,2185.027,5.984275e-06
1907,2186.013,4.689612e-06
1908,2187.013,4.7599075999999996e-06
1909,2188.013,4.7605975999999996e-06
1910,2189.013,4.57143605e-06
1911,2190.023,2.908481e-06
1912,2191.025,3.5650892000000006e-06
1913,2192.026,4.16288e-07
1914,2193.025,3.6133556e-06
1915,2194.017,6.0977536e-06
1916,2195.013,6.56501075e-06
1917,2196.023,5.6721456e-06
1918,2197.026,8.71892245e-06
1919,2198.024,7.9655532e-06
1920,2199.017,2.64561485e-06
1921,2200.012,7.399782799999999e-06
1922,2201.026,4.740566e-06
1923,2202.024,4.01003025e-06
1924,2203.014,4.3635959999999995e-07
1925,2204.019,1.9311006e-06
1926,2205.013,6.112223400000001e-06
1927,2206.014,3.2763544500000002e-06
1928,2207.024,7.066765e-06
1929,2208.013,7.2214326500000005e-06
1930,2209.013,3.6132723500000005e-06
1931,2210.012,6.977008499999999e-06
1932,2211.027,8.468121800000001e-06
1933,2212.015,5.544332400000001e-06
1934,2213.027,8.77287975e-06
1935,2214.012,7.2682622000000005e-06
1936,2215.015,4.80496545e-06
1937,2216.018,4.637867e-07
1938,2217.019,1.933979e-06
1939,2218.016,2.7814462000000005e-06
1940,2219.012,3.7213646e-06
1941,2220.013,4.0647154e-06
1942,2221.013,4.86203835e-06
1943,2222.026,3.3082840499999997e-06
1944,2223.027,6.389703e-06
1945,2224.013,8.825403150000001e-06
1946,2225.013,7.247819599999999e-06
1947,2226.02,1.6154638e-06
1948,2227.013,1.8860848000000002e-06
1949,2228.013,5.391126e-07
1950,2229.013,2.6375102000000003e-06
1951,2230.013,7.3797490000000006e-06
1952,2231.027,7.104482349999999e-06
1953,2232.024,3.86254e-06
1954,2233.013,6.14415625e-06
1955,2234.023,5.049716e-07
1956,2235.024,2.2027763e-06
1957,2236.013,7.259122150000001e-06
1958,2237.019,5.765830000000001e-06
1959,2238.027,3.66967395e-06
1960,2239.013,5.98836135e-06
1961,2240.019,4.5410294e-06
1962,2241.034,5.8030764e-06
1963,2242.012,2.3683812000000005e-06
1964,2243.025,3.3708856000000005e-06
1965,2244.026,4.169742e-07
1966,2245.018,2.0191788e-06
1967,2246.026,2.5548222999999997e-06
1968,2247.013,8.84084555e-06
1969,2248.014,2.9514642e-06
1970,2249.024,5.885335200000001e-06
1971,2250.024,4.1590998e-06
1972,2251.017,4.4649640000000005e-07
1973,2252.017,3.753256e-07
1974,2253.013,5.901194000000001e-06
1975,2254.013,3.5963512000000004e-06
1976,2255.027,8.18652185e-06
1977,2256.018,3.1246940999999997e-06
1978,2257.018,6.7247889999999995e-06
1979,2258.014,7.578103e-06
1980,2259.013,3.428118e-06
1981,2260.013,3.8380540000000006e-06
1982,2261.028,3.7049338999999996e-06
1983,2262.022,4.809087599999999e-06
1984,2263.013,5.6372104000000005e-06
1985,2264.014,4.6222434e-06
1986,2265.02,4.439633e-06
1987,2266.012,5.85976765e-06
1988,2267.03,7.0306232e-06
1989,2268.012,8.627114e-06
1990,2269.019,5.04303425e-06
1991,2270.026,4.6223195000000006e-07
1992,2271.025,4.672485e-07
1993,2272.021,4.065161e-07
1994,2273.028,4.0960845e-07
1995,2274.015,4.1757605e-07
1996,2275.027,5.1445498e-06
1997,2276.026,2.7795786e-06
1998,2277.017,5.80847995e-06
1999,2278.014,3.4256097e-06
2000,2279.017,6.7161563000000005e-06
2001,2280.012,6.676799e-06
2002,2281.027,5.268778e-07
2003,2282.022,9.09049385e-06
2004,2283.025,5.3244128e-06
2005,2284.028,5.2008746e-06
2006,2285.026,5.787684400000001e-06
2007,2286.034,2.3806938e-06
2008,2287.013,8.460382949999999e-06
2009,2288.018,3.3745709500000006e-06
2010,2289.027,1.6323959500000002e-06
2011,2290.026,2.7066008e-06
2012,2291.013,3.6717835499999996e-06
2013,2292.03,4.6542847999999996e-06
2014,2293.03,2.9395332e-06
2015,2294.016,5.792914599999999e-06
2016,2295.025,4.959738e-07
2017,2296.02,4.449338e-07
2018,2297.017,4.454034e-07
2019,2298.025,4.827882e-07
2020,2299.027,6.234408400000001e-06
2021,2300.014,7.3142808e-06
2022,2301.013,2.7684726e-06
2023,2302.021,7.463292e-06
2024,2303.028,4.0641832e-06
2025,2304.022,8.7248342e-06
2026,2305.019,5.0533826e-06
2027,2306.024,1.4365001999999998e-06
2028,2307.018,4.4670954e-06
2029,2308.025,4.46752615e-06
2030,2309.013,5.7892725999999995e-06
2031,2310.012,3.29033415e-06
2032,2311.013,3.7974266e-06
2033,2312.021,4.8761025e-06
2034,2313.027,3.6916857999999995e-06
2035,2314.024,4.280948e-07
2036,2315.027,7.33626165e-06
2037,2316.012,7.2172434e-06
2038,2317.013,5.302741999999999e-06
2039,2318.012,6.675824650000001e-06
2040,2319.013,5.8285704e-06
2041,2320.016,2.576341e-06
2042,2321.021,4.3902808e-06
2043,2322.024,3.6744862e-06
2044,2323.028,8.555945199999998e-06
2045,2324.019,5.60722075e-06
2046,2325.015,3.5595842999999996e-06
2047,2326.024,4.523669799999999e-06
2048,2327.018,4.629568e-07
2049,2328.027,3.9852379999999997e-07
2050,2329.013,4.0281820000000004e-07
2051,2330.013,4.4229893499999995e-06
2052,2331.013,5.05679625e-06
2053,2332.029,4.8288875e-07
2054,2333.013,4.112413e-07
2055,2334.017,4.4107788499999995e-06
2056,2335.027,5.107872849999999e-06
2057,2336.018,4.843068e-07
2058,2337.013,4.239707e-07
2059,2338.012,4.137827e-07
2060,2339.014,4.1952265e-07
2061,2340.013,2.5969662e-06
2062,2341.018,3.2386003999999995e-06
2063,2342.018,8.41185825e-06
2064,2343.027,7.2559601e-06
2065,2344.026,2.9265357499999997e-06
2066,2345.014,5.9126266e-06
2067,2346.016,4.561899150000001e-06
2068,2347.02,4.873566599999999e-06
2069,2348.015,3.0999647999999998e-06
2070,2349.027,4.3522986e-06
2071,2350.025,4.590346799999999e-06
2072,2351.021,1.4868736999999998e-06
2073,2352.023,4.4894750000000004e-07
2074,2353.029,6.480539e-06
2075,2354.012,5.24408e-07
2076,2355.025,4.653286e-07
2077,2356.027,4.719558e-07
2078,2357.018,4.616796e-07
2079,2358.024,4.6637799999999997e-07
2080,2359.013,5.306118000000001e-07
2081,2360.015,1.8841087999999998e-06
2082,2361.028,2.5656516499999996e-06
2083,2362.014,7.6216242e-06
2084,2363.014,5.678272e-07
2085,2364.015,4.954624e-07
2086,2365.026,5.035614e-07
2087,2366.019,4.99151e-07
2088,2367.026,5.016994e-07
2089,2368.012,5.024342e-07
2090,2369.019,5.563334e-07
2091,2370.024,5.02644e-07
2092,2371.033,5.22255e-07
2093,2372.016,5.09418e-07
2094,2373.028,5.134596e-07
2095,2374.024,5.047265999999999e-07
2096,2375.019,4.998274e-07
2097,2376.024,5.01295e-07
2098,2377.021,5.129234000000001e-07
2099,2378.014,5.032386e-07
2100,2379.022,5.074256e-07
2101,2380.016,5.038810000000001e-07
2102,2381.016,5.17257e-07
2103,2382.012,5.07094e-07
2104,2383.019,5.0205e-07
2105,2384.014,5.054254e-07
2106,2385.016,5.061762e-07
2107,2386.03,5.048558e-07
2108,2387.014,5.085972e-07
2109,2388.014,5.102926000000001e-07
2110,2389.025,4.982426e-07
2111,2390.013,4.920692e-07
2112,2391.019,5.135708e-07
2113,2392.025,4.973052e-07
2114,2393.015,5.13721e-07
2115,2394.026,4.831834e-07
2116,2395.028,2.8738420000000002e-06
2117,2396.027,3.8946500000000003e-07
2118,2397.029,3.39165e-07
2119,2398.012,3.283512e-07
2120,2399.028,3.467422e-07
2121,2400.013,1.1460318e-06
2122,2401.015,3.7291902000000003e-06
2123,2402.017,4.3077259999999994e-07
2124,2403.019,3.6511580000000004e-07
2125,2404.024,4.5161998e-06
2126,2405.028,2.8483758e-06
2127,2406.021,5.8883046e-06
2128,2407.023,7.0496392e-06
2129,2408.023,4.552127e-06
2130,2409.014,3.5335753e-06
2131,2410.028,2.74131095e-06
2132,2411.028,3.705039e-07
2133,2412.024,5.0003344000000005e-06
2134,2413.023,4.6011e-07
2135,2414.014,4.8574358e-06
2136,2415.023,4.6153140000000003e-07
2137,2416.024,5.062691400000001e-06
2138,2417.026,4.762902e-07
2139,2418.024,2.47666925e-06
2140,2419.028,7.008711950000001e-06
2141,2420.017,2.76022965e-06
2142,2421.016,3.9921565e-07
2143,2422.026,1.86856165e-06
2144,2423.014,3.5882268e-06
2145,2424.015,1.5642428e-06
2146,2425.027,6.035593e-06
2147,2426.023,5.15029e-07
2148,2427.019,4.5242779999999994e-07
2149,2428.017,4.588022e-07
2150,2429.029,4.59926e-07
2151,2430.024,4.529838e-07
2152,2431.019,4.64777e-07
2153,2432.02,1.6848598e-06
2154,2433.017,2.3683700000000002e-07
2155,2434.016,2.401758e-07
2156,2435.027,2.0104474e-06
2157,2436.023,7.30782205e-06
2158,2437.014,2.9817672000000004e-06
2159,2438.023,2.45400235e-06
2160,2439.023,5.92794265e-06
2161,2440.015,5.233357599999999e-06
2162,2441.025,5.9836978e-06
2163,2442.014,2.6756162e-06
2164,2443.02,1.2806358e-06
2165,2444.027,5.6201548e-06
2166,2445.014,4.6912008e-06
2167,2446.025,1.5406546e-06
2168,2447.026,4.464698e-07
2169,2448.014,4.0894079999999995e-07
2170,2449.032,6.7213807999999995e-06
2171,2450.015,5.276729999999999e-07
2172,2451.02,2.561023e-06
2173,2452.016,7.152787e-06
2174,2453.02,5.360280000000001e-07
2175,2454.024,4.900174000000001e-07
2176,2455.029,4.926395999999999e-07
2177,2456.023,4.932284e-07
2178,2457.014,4.859562e-07
2179,2458.016,4.883576e-07
2180,2459.02,2.5746733000000002e-06
2181,2460.021,6.907779e-06
2182,2461.027,1.3476022e-06
2183,2462.027,5.368304e-07
2184,2463.022,4.782424e-07
2185,2464.019,2.643745e-06
2186,2465.014,4.17792705e-06
2187,2466.021,2.305665e-06
2188,2467.027,2.1827282e-06
2189,2468.027,2.6848726499999996e-06
2190,2469.014,2.6508106000000004e-06
2191,2470.015,3.559284e-07
2192,2471.02,3.036574e-07
2193,2472.015,3.421042e-07
2194,2473.014,2.7663240000000003e-07
2195,2474.015,6.60803675e-06
2196,2475.019,2.7663962000000005e-06
2197,2476.02,1.6457151999999998e-06
2198,2477.014,3.7651600000000003e-07
2199,2478.014,3.4608579999999996e-07
2200,2479.015,3.389018e-07
2201,2480.013,3.443936e-07
2202,2481.014,3.20441e-07
2203,2482.025,4.0077258e-06
2204,2483.016,4.434438e-07
2205,2484.017,3.74946e-07
2206,2485.028,3.789926e-07
2207,2486.031,3.856388e-07
2208,2487.019,4.2165959999999996e-07
2209,2488.025,3.750174000000001e-07
2210,2489.043,3.9098959999999996e-07
